2026-07-19 19:07:19,198 - httpx - INFO - HTTP Request: POST https://api.telegram.org/bot8900982200:AAF6043fYJm81KphTsgNFwSLRewh-53owyA/getMe "HTTP/1.1 200 OK"
2026-07-19 19:07:19,412 - httpx - INFO - HTTP Request: POST https://api.telegram.org/bot8900982200:AAF6043fYJm81KphTsgNFwSLRewh-53owyA/deleteWebhook "HTTP/1.1 200 OK"
2026-07-19 19:07:19,419 - telegram.ext.Application - INFO - Application started
2026-07-19 19:07:20,035 - httpx - INFO - HTTP Request: POST https://api.telegram.org/bot8900982200:AAF6043fYJm81KphTsgNFwSLRewh-53owyA/getUpdates "HTTP/1.1 200 OK"
2026-07-19 19:07:20,138 - __main__ - INFO - Usuário: oi
2026-07-19 19:07:21,199 - httpx - INFO - HTTP Request: POST https://api.telegram.org/bot8900982200:AAF6043fYJm81KphTsgNFwSLRewh-53owyA/sendMessage "HTTP/1.1 200 OK"
2026-07-19 19:07:21,208 - __main__ - INFO - Usuário: oiiiiiiiiiii
2026-07-19 19:07:22,149 - httpx - INFO - HTTP Request: POST https://api.telegram.org/bot8900982200:AAF6043fYJm81KphTsgNFwSLRewh-53owyA/sendMessage "HTTP/1.1 200 OK"
2026-07-19 19:07:22,165 - __main__ - INFO - Usuário: oi
2026-07-19 19:07:23,136 - httpx - INFO - HTTP Request: POST https://api.telegram.org/bot8900982200:AAF6043fYJm81KphTsgNFwSLRewh-53owyA/sendMessage "HTTP/1.1 200 OK"
2026-07-19 19:07:23,153 - __main__ - INFO - Usuário: oi
2026-07-19 19:07:24,071 - httpx - INFO - HTTP Request: POST https://api.telegram.org/bot8900982200:AAF6043fYJm81KphTsgNFwSLRewh-53owyA/sendMessage "HTTP/1.1 200 OK"
2026-07-19 19:09:28,364 - httpx - INFO - HTTP Request: POST https://api.telegram.org/bot8900982200:AAF6043fYJm81KphTsgNFwSLRewh-53owyA/getMe "HTTP/1.1 200 OK"
2026-07-19 19:09:28,591 - httpx - INFO - HTTP Request: POST https://api.telegram.org/bot8900982200:AAF6043fYJm81KphTsgNFwSLRewh-53owyA/deleteWebhook "HTTP/1.1 200 OK"
2026-07-19 19:09:28,594 - telegram.ext.Application - INFO - Application started
2026-07-19 19:09:29,266 - httpx - INFO - HTTP Request: POST https://api.telegram.org/bot8900982200:AAF6043fYJm81KphTsgNFwSLRewh-53owyA/getUpdates "HTTP/1.1 200 OK"
2026-07-19 19:09:29,407 - __main__ - INFO - Usuário: oi
2026-07-19 19:09:30,239 - httpx - INFO - HTTP Request: POST https://api.telegram.org/bot8900982200:AAF6043fYJm81KphTsgNFwSLRewh-53owyA/sendMessage "HTTP/1.1 200 OK"
2026-07-19 19:09:31,782 - httpx - INFO - HTTP Request: POST https://api.telegram.org/bot8900982200:AAF6043fYJm81KphTsgNFwSLRewh-53owyA/getUpdates "HTTP/1.1 200 OK"
2026-07-19 19:09:31,785 - __main__ - INFO - Usuário: poii
2026-07-19 19:09:32,697 - httpx - INFO - HTTP Request: POST https://api.telegram.org/bot8900982200:AAF6043fYJm81KphTsgNFwSLRewh-53owyA/sendMessage "HTTP/1.1 200 OK"
2026-07-19 19:09:42,518 - httpx - INFO - HTTP Request: POST https://api.telegram.org/bot8900982200:AAF6043fYJm81KphTsgNFwSLRewh-53owyA/getUpdates "HTTP/1.1 200 OK"
2026-07-19 19:09:52,745 - httpx - INFO - HTTP Request: POST https://api.telegram.org/bot8900982200:AAF6043fYJm81KphTsgNFwSLRewh-53owyA/getUpdates "HTTP/1.1 200 OK"
2026-07-19 19:10:02,978 - httpx - INFO - HTTP Request: POST https://api.telegram.org/bot8900982200:AAF6043fYJm81KphTsgNFwSLRewh-53owyA/getUpdates "HTTP/1.1 200 OK"
2026-07-19 19:10:13,204 - httpx - INFO - HTTP Request: POST https://api.telegram.org/bot8900982200:AAF6043fYJm81KphTsgNFwSLRewh-53owyA/getUpdates "HTTP/1.1 200 OK"
2026-07-19 19:10:17,160 - httpx - INFO - HTTP Request: POST https://api.telegram.org/bot8900982200:AAF6043fYJm81KphTsgNFwSLRewh-53owyA/getUpdates "HTTP/1.1 200 OK"
2026-07-19 19:10:17,161 - telegram.ext.Application - INFO - Application is stopping. This might take a moment.
2026-07-19 19:10:17,163 - telegram.ext.Application - INFO - Application.stop() complete
2026-07-19 19:12:56,821 - httpx - INFO - HTTP Request: POST https://api.telegram.org/bot8900982200:AAF6043fYJm81KphTsgNFwSLRewh-53owyA/getMe "HTTP/1.1 200 OK"
2026-07-19 19:12:57,042 - httpx - INFO - HTTP Request: POST https://api.telegram.org/bot8900982200:AAF6043fYJm81KphTsgNFwSLRewh-53owyA/deleteWebhook "HTTP/1.1 200 OK"
2026-07-19 19:12:57,058 - telegram.ext.Application - INFO - Application started
2026-07-19 19:13:02,949 - httpx - INFO - HTTP Request: POST https://api.telegram.org/bot8900982200:AAF6043fYJm81KphTsgNFwSLRewh-53owyA/getUpdates "HTTP/1.1 200 OK"
2026-07-19 19:13:02,961 - __main__ - INFO - Usuário: oi
2026-07-19 19:13:04,268 - httpx - INFO - HTTP Request: POST https://api.telegram.org/bot8900982200:AAF6043fYJm81KphTsgNFwSLRewh-53owyA/sendMessage "HTTP/1.1 200 OK"
2026-07-19 19:13:08,972 - httpx - INFO - HTTP Request: POST https://api.telegram.org/bot8900982200:AAF6043fYJm81KphTsgNFwSLRewh-53owyA/getUpdates "HTTP/1.1 200 OK"
2026-07-19 19:13:13,300 - httpx - INFO - HTTP Request: POST https://api.telegram.org/bot8900982200:AAF6043fYJm81KphTsgNFwSLRewh-53owyA/getUpdates "HTTP/1.1 200 OK"
2026-07-19 19:13:14,952 - httpx - INFO - HTTP Request: POST https://api.telegram.org/bot8900982200:AAF6043fYJm81KphTsgNFwSLRewh-53owyA/getUpdates "HTTP/1.1 200 OK"
2026-07-19 19:13:17,771 - httpx - INFO - HTTP Request: POST https://api.telegram.org/bot8900982200:AAF6043fYJm81KphTsgNFwSLRewh-53owyA/getUpdates "HTTP/1.1 200 OK"
2026-07-19 19:13:17,778 - __main__ - INFO - Usuário: oi
2026-07-19 19:13:19,082 - httpx - INFO - HTTP Request: POST https://api.telegram.org/bot8900982200:AAF6043fYJm81KphTsgNFwSLRewh-53owyA/sendMessage "HTTP/1.1 200 OK"
2026-07-19 19:13:28,529 - httpx - INFO - HTTP Request: POST https://api.telegram.org/bot8900982200:AAF6043fYJm81KphTsgNFwSLRewh-53owyA/getUpdates "HTTP/1.1 200 OK"
2026-07-19 19:13:38,747 - httpx - INFO - HTTP Request: POST https://api.telegram.org/bot8900982200:AAF6043fYJm81KphTsgNFwSLRewh-53owyA/getUpdates "HTTP/1.1 200 OK"
2026-07-19 19:13:48,968 - httpx - INFO - HTTP Request: POST https://api.telegram.org/bot8900982200:AAF6043fYJm81KphTsgNFwSLRewh-53owyA/getUpdates "HTTP/1.1 200 OK"
2026-07-19 19:13:59,186 - httpx - INFO - HTTP Request: POST https://api.telegram.org/bot8900982200:AAF6043fYJm81KphTsgNFwSLRewh-53owyA/getUpdates "HTTP/1.1 200 OK"
2026-07-19 19:14:09,399 - httpx - INFO - HTTP Request: POST https://api.telegram.org/bot8900982200:AAF6043fYJm81KphTsgNFwSLRewh-53owyA/getUpdates "HTTP/1.1 200 OK"
2026-07-19 19:14:19,614 - httpx - INFO - HTTP Request: POST https://api.telegram.org/bot8900982200:AAF6043fYJm81KphTsgNFwSLRewh-53owyA/getUpdates "HTTP/1.1 200 OK"
2026-07-19 19:14:29,838 - httpx - INFO - HTTP Request: POST https://api.telegram.org/bot8900982200:AAF6043fYJm81KphTsgNFwSLRewh-53owyA/getUpdates "HTTP/1.1 200 OK"
2026-07-19 19:14:40,054 - httpx - INFO - HTTP Request: POST https://api.telegram.org/bot8900982200:AAF6043fYJm81KphTsgNFwSLRewh-53owyA/getUpdates "HTTP/1.1 200 OK"
2026-07-19 19:14:50,270 - httpx - INFO - HTTP Request: POST https://api.telegram.org/bot8900982200:AAF6043fYJm81KphTsgNFwSLRewh-53owyA/getUpdates "HTTP/1.1 200 OK"
2026-07-19 19:15:00,481 - httpx - INFO - HTTP Request: POST https://api.telegram.org/bot8900982200:AAF6043fYJm81KphTsgNFwSLRewh-53owyA/getUpdates "HTTP/1.1 200 OK"
2026-07-19 19:15:10,689 - httpx - INFO - HTTP Request: POST https://api.telegram.org/bot8900982200:AAF6043fYJm81KphTsgNFwSLRewh-53owyA/getUpdates "HTTP/1.1 200 OK"
2026-07-19 19:15:20,904 - httpx - INFO - HTTP Request: POST https://api.telegram.org/bot8900982200:AAF6043fYJm81KphTsgNFwSLRewh-53owyA/getUpdates "HTTP/1.1 200 OK"
2026-07-19 19:15:31,120 - httpx - INFO - HTTP Request: POST https://api.telegram.org/bot8900982200:AAF6043fYJm81KphTsgNFwSLRewh-53owyA/getUpdates "HTTP/1.1 200 OK"
2026-07-19 19:15:41,423 - httpx - INFO - HTTP Request: POST https://api.telegram.org/bot8900982200:AAF6043fYJm81KphTsgNFwSLRewh-53owyA/getUpdates "HTTP/1.1 200 OK"
2026-07-19 19:15:51,894 - httpx - INFO - HTTP Request: POST https://api.telegram.org/bot8900982200:AAF6043fYJm81KphTsgNFwSLRewh-53owyA/getUpdates "HTTP/1.1 200 OK"
2026-07-19 19:16:02,121 - httpx - INFO - HTTP Request: POST https://api.telegram.org/bot8900982200:AAF6043fYJm81KphTsgNFwSLRewh-53owyA/getUpdates "HTTP/1.1 200 OK"
2026-07-19 19:16:12,452 - httpx - INFO - HTTP Request: POST https://api.telegram.org/bot8900982200:AAF6043fYJm81KphTsgNFwSLRewh-53owyA/getUpdates "HTTP/1.1 200 OK"
2026-07-19 19:16:22,661 - httpx - INFO - HTTP Request: POST https://api.telegram.org/bot8900982200:AAF6043fYJm81KphTsgNFwSLRewh-53owyA/getUpdates "HTTP/1.1 200 OK"
2026-07-19 19:16:32,878 - httpx - INFO - HTTP Request: POST https://api.telegram.org/bot8900982200:AAF6043fYJm81KphTsgNFwSLRewh-53owyA/getUpdates "HTTP/1.1 200 OK"
2026-07-19 19:16:43,095 - httpx - INFO - HTTP Request: POST https://api.telegram.org/bot8900982200:AAF6043fYJm81KphTsgNFwSLRewh-53owyA/getUpdates "HTTP/1.1 200 OK"
2026-07-19 19:16:53,318 - httpx - INFO - HTTP Request: POST https://api.telegram.org/bot8900982200:AAF6043fYJm81KphTsgNFwSLRewh-53owyA/getUpdates "HTTP/1.1 200 OK"
2026-07-19 19:17:03,527 - httpx - INFO - HTTP Request: POST https://api.telegram.org/bot8900982200:AAF6043fYJm81KphTsgNFwSLRewh-53owyA/getUpdates "HTTP/1.1 200 OK"
2026-07-19 19:17:13,743 - httpx - INFO - HTTP Request: POST https://api.telegram.org/bot8900982200:AAF6043fYJm81KphTsgNFwSLRewh-53owyA/getUpdates "HTTP/1.1 200 OK"
2026-07-19 19:17:23,959 - httpx - INFO - HTTP Request: POST https://api.telegram.org/bot8900982200:AAF6043fYJm81KphTsgNFwSLRewh-53owyA/getUpdates "HTTP/1.1 200 OK"
2026-07-19 19:17:34,175 - httpx - INFO - HTTP Request: POST https://api.telegram.org/bot8900982200:AAF6043fYJm81KphTsgNFwSLRewh-53owyA/getUpdates "HTTP/1.1 200 OK"
2026-07-19 19:17:44,391 - httpx - INFO - HTTP Request: POST https://api.telegram.org/bot8900982200:AAF6043fYJm81KphTsgNFwSLRewh-53owyA/getUpdates "HTTP/1.1 200 OK"
2026-07-19 19:17:54,605 - httpx - INFO - HTTP Request: POST https://api.telegram.org/bot8900982200:AAF6043fYJm81KphTsgNFwSLRewh-53owyA/getUpdates "HTTP/1.1 200 OK"
2026-07-19 19:18:04,823 - httpx - INFO - HTTP Request: POST https://api.telegram.org/bot8900982200:AAF6043fYJm81KphTsgNFwSLRewh-53owyA/getUpdates "HTTP/1.1 200 OK"
2026-07-19 19:18:15,054 - httpx - INFO - HTTP Request: POST https://api.telegram.org/bot8900982200:AAF6043fYJm81KphTsgNFwSLRewh-53owyA/getUpdates "HTTP/1.1 200 OK"
2026-07-19 19:18:25,276 - httpx - INFO - HTTP Request: POST https://api.telegram.org/bot8900982200:AAF6043fYJm81KphTsgNFwSLRewh-53owyA/getUpdates "HTTP/1.1 200 OK"
2026-07-19 19:18:35,494 - httpx - INFO - HTTP Request: POST https://api.telegram.org/bot8900982200:AAF6043fYJm81KphTsgNFwSLRewh-53owyA/getUpdates "HTTP/1.1 200 OK"
2026-07-19 19:18:45,708 - httpx - INFO - HTTP Request: POST https://api.telegram.org/bot8900982200:AAF6043fYJm81KphTsgNFwSLRewh-53owyA/getUpdates "HTTP/1.1 200 OK"
2026-07-19 19:18:55,929 - httpx - INFO - HTTP Request: POST https://api.telegram.org/bot8900982200:AAF6043fYJm81KphTsgNFwSLRewh-53owyA/getUpdates "HTTP/1.1 200 OK"
2026-07-19 19:19:06,150 - httpx - INFO - HTTP Request: POST https://api.telegram.org/bot8900982200:AAF6043fYJm81KphTsgNFwSLRewh-53owyA/getUpdates "HTTP/1.1 200 OK"
2026-07-19 19:19:16,383 - httpx - INFO - HTTP Request: POST https://api.telegram.org/bot8900982200:AAF6043fYJm81KphTsgNFwSLRewh-53owyA/getUpdates "HTTP/1.1 200 OK"
2026-07-19 19:19:26,609 - httpx - INFO - HTTP Request: POST https://api.telegram.org/bot8900982200:AAF6043fYJm81KphTsgNFwSLRewh-53owyA/getUpdates "HTTP/1.1 200 OK"
2026-07-19 19:19:36,823 - httpx - INFO - HTTP Request: POST https://api.telegram.org/bot8900982200:AAF6043fYJm81KphTsgNFwSLRewh-53owyA/getUpdates "HTTP/1.1 200 OK"
2026-07-19 19:19:47,030 - httpx - INFO - HTTP Request: POST https://api.telegram.org/bot8900982200:AAF6043fYJm81KphTsgNFwSLRewh-53owyA/getUpdates "HTTP/1.1 200 OK"
2026-07-19 19:19:57,250 - httpx - INFO - HTTP Request: POST https://api.telegram.org/bot8900982200:AAF6043fYJm81KphTsgNFwSLRewh-53owyA/getUpdates "HTTP/1.1 200 OK"
2026-07-19 19:20:07,471 - httpx - INFO - HTTP Request: POST https://api.telegram.org/bot8900982200:AAF6043fYJm81KphTsgNFwSLRewh-53owyA/getUpdates "HTTP/1.1 200 OK"
2026-07-19 19:20:17,688 - httpx - INFO - HTTP Request: POST https://api.telegram.org/bot8900982200:AAF6043fYJm81KphTsgNFwSLRewh-53owyA/getUpdates "HTTP/1.1 200 OK"
2026-07-19 19:20:27,923 - httpx - INFO - HTTP Request: POST https://api.telegram.org/bot8900982200:AAF6043fYJm81KphTsgNFwSLRewh-53owyA/getUpdates "HTTP/1.1 200 OK"
2026-07-19 19:20:38,158 - httpx - INFO - HTTP Request: POST https://api.telegram.org/bot8900982200:AAF6043fYJm81KphTsgNFwSLRewh-53owyA/getUpdates "HTTP/1.1 200 OK"
2026-07-19 19:20:48,377 - httpx - INFO - HTTP Request: POST https://api.telegram.org/bot8900982200:AAF6043fYJm81KphTsgNFwSLRewh-53owyA/getUpdates "HTTP/1.1 200 OK"
2026-07-19 19:20:58,585 - httpx - INFO - HTTP Request: POST https://api.telegram.org/bot8900982200:AAF6043fYJm81KphTsgNFwSLRewh-53owyA/getUpdates "HTTP/1.1 200 OK"
2026-07-19 19:21:08,910 - httpx - INFO - HTTP Request: POST https://api.telegram.org/bot8900982200:AAF6043fYJm81KphTsgNFwSLRewh-53owyA/getUpdates "HTTP/1.1 200 OK"
2026-07-19 19:21:19,152 - httpx - INFO - HTTP Request: POST https://api.telegram.org/bot8900982200:AAF6043fYJm81KphTsgNFwSLRewh-53owyA/getUpdates "HTTP/1.1 200 OK"
2026-07-19 19:21:29,424 - httpx - INFO - HTTP Request: POST https://api.telegram.org/bot8900982200:AAF6043fYJm81KphTsgNFwSLRewh-53owyA/getUpdates "HTTP/1.1 200 OK"
2026-07-19 19:21:39,643 - httpx - INFO - HTTP Request: POST https://api.telegram.org/bot8900982200:AAF6043fYJm81KphTsgNFwSLRewh-53owyA/getUpdates "HTTP/1.1 200 OK"
2026-07-19 19:21:49,851 - httpx - INFO - HTTP Request: POST https://api.telegram.org/bot8900982200:AAF6043fYJm81KphTsgNFwSLRewh-53owyA/getUpdates "HTTP/1.1 200 OK"
2026-07-19 19:22:00,394 - httpx - INFO - HTTP Request: POST https://api.telegram.org/bot8900982200:AAF6043fYJm81KphTsgNFwSLRewh-53owyA/getUpdates "HTTP/1.1 200 OK"
2026-07-19 19:22:10,618 - httpx - INFO - HTTP Request: POST https://api.telegram.org/bot8900982200:AAF6043fYJm81KphTsgNFwSLRewh-53owyA/getUpdates "HTTP/1.1 200 OK"
2026-07-19 19:22:20,834 - httpx - INFO - HTTP Request: POST https://api.telegram.org/bot8900982200:AAF6043fYJm81KphTsgNFwSLRewh-53owyA/getUpdates "HTTP/1.1 200 OK"
2026-07-19 19:22:31,054 - httpx - INFO - HTTP Request: POST https://api.telegram.org/bot8900982200:AAF6043fYJm81KphTsgNFwSLRewh-53owyA/getUpdates "HTTP/1.1 200 OK"
2026-07-19 19:22:41,274 - httpx - INFO - HTTP Request: POST https://api.telegram.org/bot8900982200:AAF6043fYJm81KphTsgNFwSLRewh-53owyA/getUpdates "HTTP/1.1 200 OK"
2026-07-19 19:22:51,496 - httpx - INFO - HTTP Request: POST https://api.telegram.org/bot8900982200:AAF6043fYJm81KphTsgNFwSLRewh-53owyA/getUpdates "HTTP/1.1 200 OK"
2026-07-19 19:23:01,701 - httpx - INFO - HTTP Request: POST https://api.telegram.org/bot8900982200:AAF6043fYJm81KphTsgNFwSLRewh-53owyA/getUpdates "HTTP/1.1 200 OK"
2026-07-19 19:23:11,945 - httpx - INFO - HTTP Request: POST https://api.telegram.org/bot8900982200:AAF6043fYJm81KphTsgNFwSLRewh-53owyA/getUpdates "HTTP/1.1 200 OK"
2026-07-19 19:23:22,211 - httpx - INFO - HTTP Request: POST https://api.telegram.org/bot8900982200:AAF6043fYJm81KphTsgNFwSLRewh-53owyA/getUpdates "HTTP/1.1 200 OK"
2026-07-19 19:23:32,476 - httpx - INFO - HTTP Request: POST https://api.telegram.org/bot8900982200:AAF6043fYJm81KphTsgNFwSLRewh-53owyA/getUpdates "HTTP/1.1 200 OK"
2026-07-19 19:23:42,688 - httpx - INFO - HTTP Request: POST https://api.telegram.org/bot8900982200:AAF6043fYJm81KphTsgNFwSLRewh-53owyA/getUpdates "HTTP/1.1 200 OK"
2026-07-19 19:23:52,919 - httpx - INFO - HTTP Request: POST https://api.telegram.org/bot8900982200:AAF6043fYJm81KphTsgNFwSLRewh-53owyA/getUpdates "HTTP/1.1 200 OK"
2026-07-19 19:24:03,158 - httpx - INFO - HTTP Request: POST https://api.telegram.org/bot8900982200:AAF6043fYJm81KphTsgNFwSLRewh-53owyA/getUpdates "HTTP/1.1 200 OK"
2026-07-19 19:24:13,382 - httpx - INFO - HTTP Request: POST https://api.telegram.org/bot8900982200:AAF6043fYJm81KphTsgNFwSLRewh-53owyA/getUpdates "HTTP/1.1 200 OK"
2026-07-19 19:24:23,596 - httpx - INFO - HTTP Request: POST https://api.telegram.org/bot8900982200:AAF6043fYJm81KphTsgNFwSLRewh-53owyA/getUpdates "HTTP/1.1 200 OK"
2026-07-19 19:24:33,806 - httpx - INFO - HTTP Request: POST https://api.telegram.org/bot8900982200:AAF6043fYJm81KphTsgNFwSLRewh-53owyA/getUpdates "HTTP/1.1 200 OK"
2026-07-19 19:24:44,019 - httpx - INFO - HTTP Request: POST https://api.telegram.org/bot8900982200:AAF6043fYJm81KphTsgNFwSLRewh-53owyA/getUpdates "HTTP/1.1 200 OK"
2026-07-19 19:24:54,236 - httpx - INFO - HTTP Request: POST https://api.telegram.org/bot8900982200:AAF6043fYJm81KphTsgNFwSLRewh-53owyA/getUpdates "HTTP/1.1 200 OK"
2026-07-19 19:25:04,453 - httpx - INFO - HTTP Request: POST https://api.telegram.org/bot8900982200:AAF6043fYJm81KphTsgNFwSLRewh-53owyA/getUpdates "HTTP/1.1 200 OK"
2026-07-19 19:25:14,679 - httpx - INFO - HTTP Request: POST https://api.telegram.org/bot8900982200:AAF6043fYJm81KphTsgNFwSLRewh-53owyA/getUpdates "HTTP/1.1 200 OK"
2026-07-19 19:25:24,974 - httpx - INFO - HTTP Request: POST https://api.telegram.org/bot8900982200:AAF6043fYJm81KphTsgNFwSLRewh-53owyA/getUpdates "HTTP/1.1 200 OK"
2026-07-19 19:25:35,193 - httpx - INFO - HTTP Request: POST https://api.telegram.org/bot8900982200:AAF6043fYJm81KphTsgNFwSLRewh-53owyA/getUpdates "HTTP/1.1 200 OK"
2026-07-19 19:25:45,502 - httpx - INFO - HTTP Request: POST https://api.telegram.org/bot8900982200:AAF6043fYJm81KphTsgNFwSLRewh-53owyA/getUpdates "HTTP/1.1 200 OK"
2026-07-19 19:25:55,725 - httpx - INFO - HTTP Request: POST https://api.telegram.org/bot8900982200:AAF6043fYJm81KphTsgNFwSLRewh-53owyA/getUpdates "HTTP/1.1 200 OK"
2026-07-19 19:26:02,620 - httpx - INFO - HTTP Request: POST https://api.telegram.org/bot8900982200:AAF6043fYJm81KphTsgNFwSLRewh-53owyA/getUpdates "HTTP/1.1 200 OK"
2026-07-19 19:26:02,628 - telegram.ext.Application - INFO - Application is stopping. This might take a moment.
2026-07-19 19:26:02,628 - telegram.ext.Application - INFO - Application.stop() complete
2026-07-19 19:26:43,895 - httpx - INFO - HTTP Request: POST https://api.telegram.org/bot8900982200:AAF6043fYJm81KphTsgNFwSLRewh-53owyA/getMe "HTTP/1.1 200 OK"
2026-07-19 19:26:44,132 - httpx - INFO - HTTP Request: POST https://api.telegram.org/bot8900982200:AAF6043fYJm81KphTsgNFwSLRewh-53owyA/deleteWebhook "HTTP/1.1 200 OK"
2026-07-19 19:26:44,151 - telegram.ext.Application - INFO - Application started
2026-07-19 19:26:51,953 - httpx - INFO - HTTP Request: POST https://api.telegram.org/bot8900982200:AAF6043fYJm81KphTsgNFwSLRewh-53owyA/getUpdates "HTTP/1.1 200 OK"
2026-07-19 19:26:51,961 - __main__ - INFO - Usuário: oi
2026-07-19 19:26:53,208 - httpx - INFO - HTTP Request: POST https://api.telegram.org/bot8900982200:AAF6043fYJm81KphTsgNFwSLRewh-53owyA/sendMessage "HTTP/1.1 200 OK"
2026-07-19 19:27:02,625 - httpx - INFO - HTTP Request: POST https://api.telegram.org/bot8900982200:AAF6043fYJm81KphTsgNFwSLRewh-53owyA/getUpdates "HTTP/1.1 200 OK"
2026-07-19 19:27:12,840 - httpx - INFO - HTTP Request: POST https://api.telegram.org/bot8900982200:AAF6043fYJm81KphTsgNFwSLRewh-53owyA/getUpdates "HTTP/1.1 200 OK"
2026-07-19 19:27:23,057 - httpx - INFO - HTTP Request: POST https://api.telegram.org/bot8900982200:AAF6043fYJm81KphTsgNFwSLRewh-53owyA/getUpdates "HTTP/1.1 200 OK"
2026-07-19 19:27:33,276 - httpx - INFO - HTTP Request: POST https://api.telegram.org/bot8900982200:AAF6043fYJm81KphTsgNFwSLRewh-53owyA/getUpdates "HTTP/1.1 200 OK"
2026-07-19 19:27:43,498 - httpx - INFO - HTTP Request: POST https://api.telegram.org/bot8900982200:AAF6043fYJm81KphTsgNFwSLRewh-53owyA/getUpdates "HTTP/1.1 200 OK"
2026-07-19 19:27:53,706 - httpx - INFO - HTTP Request: POST https://api.telegram.org/bot8900982200:AAF6043fYJm81KphTsgNFwSLRewh-53owyA/getUpdates "HTTP/1.1 200 OK"
2026-07-19 19:28:03,923 - httpx - INFO - HTTP Request: POST https://api.telegram.org/bot8900982200:AAF6043fYJm81KphTsgNFwSLRewh-53owyA/getUpdates "HTTP/1.1 200 OK"
2026-07-19 19:28:14,139 - httpx - INFO - HTTP Request: POST https://api.telegram.org/bot8900982200:AAF6043fYJm81KphTsgNFwSLRewh-53owyA/getUpdates "HTTP/1.1 200 OK"
2026-07-19 19:28:24,360 - httpx - INFO - HTTP Request: POST https://api.telegram.org/bot8900982200:AAF6043fYJm81KphTsgNFwSLRewh-53owyA/getUpdates "HTTP/1.1 200 OK"
2026-07-19 19:28:34,580 - httpx - INFO - HTTP Request: POST https://api.telegram.org/bot8900982200:AAF6043fYJm81KphTsgNFwSLRewh-53owyA/getUpdates "HTTP/1.1 200 OK"
2026-07-19 19:28:44,810 - httpx - INFO - HTTP Request: POST https://api.telegram.org/bot8900982200:AAF6043fYJm81KphTsgNFwSLRewh-53owyA/getUpdates "HTTP/1.1 200 OK"
2026-07-19 19:28:55,051 - httpx - INFO - HTTP Request: POST https://api.telegram.org/bot8900982200:AAF6043fYJm81KphTsgNFwSLRewh-53owyA/getUpdates "HTTP/1.1 200 OK"
2026-07-19 19:29:05,288 - httpx - INFO - HTTP Request: POST https://api.telegram.org/bot8900982200:AAF6043fYJm81KphTsgNFwSLRewh-53owyA/getUpdates "HTTP/1.1 200 OK"
2026-07-19 19:29:15,502 - httpx - INFO - HTTP Request: POST https://api.telegram.org/bot8900982200:AAF6043fYJm81KphTsgNFwSLRewh-53owyA/getUpdates "HTTP/1.1 200 OK"
2026-07-19 19:29:25,718 - httpx - INFO - HTTP Request: POST https://api.telegram.org/bot8900982200:AAF6043fYJm81KphTsgNFwSLRewh-53owyA/getUpdates "HTTP/1.1 200 OK"
2026-07-19 19:29:35,939 - httpx - INFO - HTTP Request: POST https://api.telegram.org/bot8900982200:AAF6043fYJm81KphTsgNFwSLRewh-53owyA/getUpdates "HTTP/1.1 200 OK"
2026-07-19 19:29:46,150 - httpx - INFO - HTTP Request: POST https://api.telegram.org/bot8900982200:AAF6043fYJm81KphTsgNFwSLRewh-53owyA/getUpdates "HTTP/1.1 200 OK"
2026-07-19 19:29:56,485 - httpx - INFO - HTTP Request: POST https://api.telegram.org/bot8900982200:AAF6043fYJm81KphTsgNFwSLRewh-53owyA/getUpdates "HTTP/1.1 200 OK"
2026-07-19 19:30:06,699 - httpx - INFO - HTTP Request: POST https://api.telegram.org/bot8900982200:AAF6043fYJm81KphTsgNFwSLRewh-53owyA/getUpdates "HTTP/1.1 200 OK"
2026-07-19 19:30:16,915 - httpx - INFO - HTTP Request: POST https://api.telegram.org/bot8900982200:AAF6043fYJm81KphTsgNFwSLRewh-53owyA/getUpdates "HTTP/1.1 200 OK"
2026-07-19 19:30:27,126 - httpx - INFO - HTTP Request: POST https://api.telegram.org/bot8900982200:AAF6043fYJm81KphTsgNFwSLRewh-53owyA/getUpdates "HTTP/1.1 200 OK"
2026-07-19 19:30:37,340 - httpx - INFO - HTTP Request: POST https://api.telegram.org/bot8900982200:AAF6043fYJm81KphTsgNFwSLRewh-53owyA/getUpdates "HTTP/1.1 200 OK"
2026-07-19 19:30:47,565 - httpx - INFO - HTTP Request: POST https://api.telegram.org/bot8900982200:AAF6043fYJm81KphTsgNFwSLRewh-53owyA/getUpdates "HTTP/1.1 200 OK"
2026-07-19 19:30:57,780 - httpx - INFO - HTTP Request: POST https://api.telegram.org/bot8900982200:AAF6043fYJm81KphTsgNFwSLRewh-53owyA/getUpdates "HTTP/1.1 200 OK"
2026-07-19 19:31:07,996 - httpx - INFO - HTTP Request: POST https://api.telegram.org/bot8900982200:AAF6043fYJm81KphTsgNFwSLRewh-53owyA/getUpdates "HTTP/1.1 200 OK"
2026-07-19 19:31:18,227 - httpx - INFO - HTTP Request: POST https://api.telegram.org/bot8900982200:AAF6043fYJm81KphTsgNFwSLRewh-53owyA/getUpdates "HTTP/1.1 200 OK"
2026-07-19 19:31:28,449 - httpx - INFO - HTTP Request: POST https://api.telegram.org/bot8900982200:AAF6043fYJm81KphTsgNFwSLRewh-53owyA/getUpdates "HTTP/1.1 200 OK"
2026-07-19 19:31:38,663 - httpx - INFO - HTTP Request: POST https://api.telegram.org/bot8900982200:AAF6043fYJm81KphTsgNFwSLRewh-53owyA/getUpdates "HTTP/1.1 200 OK"
2026-07-19 19:31:48,886 - httpx - INFO - HTTP Request: POST https://api.telegram.org/bot8900982200:AAF6043fYJm81KphTsgNFwSLRewh-53owyA/getUpdates "HTTP/1.1 200 OK"
2026-07-19 19:31:59,101 - httpx - INFO - HTTP Request: POST https://api.telegram.org/bot8900982200:AAF6043fYJm81KphTsgNFwSLRewh-53owyA/getUpdates "HTTP/1.1 200 OK"
2026-07-19 19:32:09,319 - httpx - INFO - HTTP Request: POST https://api.telegram.org/bot8900982200:AAF6043fYJm81KphTsgNFwSLRewh-53owyA/getUpdates "HTTP/1.1 200 OK"
2026-07-19 19:32:19,534 - httpx - INFO - HTTP Request: POST https://api.telegram.org/bot8900982200:AAF6043fYJm81KphTsgNFwSLRewh-53owyA/getUpdates "HTTP/1.1 200 OK"
2026-07-19 19:32:29,749 - httpx - INFO - HTTP Request: POST https://api.telegram.org/bot8900982200:AAF6043fYJm81KphTsgNFwSLRewh-53owyA/getUpdates "HTTP/1.1 200 OK"
2026-07-19 19:32:39,966 - httpx - INFO - HTTP Request: POST https://api.telegram.org/bot8900982200:AAF6043fYJm81KphTsgNFwSLRewh-53owyA/getUpdates "HTTP/1.1 200 OK"
2026-07-19 19:32:50,175 - httpx - INFO - HTTP Request: POST https://api.telegram.org/bot8900982200:AAF6043fYJm81KphTsgNFwSLRewh-53owyA/getUpdates "HTTP/1.1 200 OK"
2026-07-19 19:33:00,395 - httpx - INFO - HTTP Request: POST https://api.telegram.org/bot8900982200:AAF6043fYJm81KphTsgNFwSLRewh-53owyA/getUpdates "HTTP/1.1 200 OK"
2026-07-19 19:33:10,613 - httpx - INFO - HTTP Request: POST https://api.telegram.org/bot8900982200:AAF6043fYJm81KphTsgNFwSLRewh-53owyA/getUpdates "HTTP/1.1 200 OK"
2026-07-19 19:33:20,827 - httpx - INFO - HTTP Request: POST https://api.telegram.org/bot8900982200:AAF6043fYJm81KphTsgNFwSLRewh-53owyA/getUpdates "HTTP/1.1 200 OK"
2026-07-19 19:33:31,049 - httpx - INFO - HTTP Request: POST https://api.telegram.org/bot8900982200:AAF6043fYJm81KphTsgNFwSLRewh-53owyA/getUpdates "HTTP/1.1 200 OK"
2026-07-19 19:33:41,262 - httpx - INFO - HTTP Request: POST https://api.telegram.org/bot8900982200:AAF6043fYJm81KphTsgNFwSLRewh-53owyA/getUpdates "HTTP/1.1 200 OK"
2026-07-19 19:33:51,471 - httpx - INFO - HTTP Request: POST https://api.telegram.org/bot8900982200:AAF6043fYJm81KphTsgNFwSLRewh-53owyA/getUpdates "HTTP/1.1 200 OK"
2026-07-19 19:34:01,685 - httpx - INFO - HTTP Request: POST https://api.telegram.org/bot8900982200:AAF6043fYJm81KphTsgNFwSLRewh-53owyA/getUpdates "HTTP/1.1 200 OK"
2026-07-19 19:34:11,909 - httpx - INFO - HTTP Request: POST https://api.telegram.org/bot8900982200:AAF6043fYJm81KphTsgNFwSLRewh-53owyA/getUpdates "HTTP/1.1 200 OK"
2026-07-19 19:34:22,148 - httpx - INFO - HTTP Request: POST https://api.telegram.org/bot8900982200:AAF6043fYJm81KphTsgNFwSLRewh-53owyA/getUpdates "HTTP/1.1 200 OK"
2026-07-19 19:34:32,361 - httpx - INFO - HTTP Request: POST https://api.telegram.org/bot8900982200:AAF6043fYJm81KphTsgNFwSLRewh-53owyA/getUpdates "HTTP/1.1 200 OK"
2026-07-19 19:34:42,749 - httpx - INFO - HTTP Request: POST https://api.telegram.org/bot8900982200:AAF6043fYJm81KphTsgNFwSLRewh-53owyA/getUpdates "HTTP/1.1 200 OK"
2026-07-19 19:34:53,026 - httpx - INFO - HTTP Request: POST https://api.telegram.org/bot8900982200:AAF6043fYJm81KphTsgNFwSLRewh-53owyA/getUpdates "HTTP/1.1 200 OK"
2026-07-19 19:35:03,254 - httpx - INFO - HTTP Request: POST https://api.telegram.org/bot8900982200:AAF6043fYJm81KphTsgNFwSLRewh-53owyA/getUpdates "HTTP/1.1 200 OK"
2026-07-19 19:35:13,544 - httpx - INFO - HTTP Request: POST https://api.telegram.org/bot8900982200:AAF6043fYJm81KphTsgNFwSLRewh-53owyA/getUpdates "HTTP/1.1 200 OK"
2026-07-19 19:35:23,769 - httpx - INFO - HTTP Request: POST https://api.telegram.org/bot8900982200:AAF6043fYJm81KphTsgNFwSLRewh-53owyA/getUpdates "HTTP/1.1 200 OK"
2026-07-19 19:35:33,987 - httpx - INFO - HTTP Request: POST https://api.telegram.org/bot8900982200:AAF6043fYJm81KphTsgNFwSLRewh-53owyA/getUpdates "HTTP/1.1 200 OK"
2026-07-19 19:35:44,207 - httpx - INFO - HTTP Request: POST https://api.telegram.org/bot8900982200:AAF6043fYJm81KphTsgNFwSLRewh-53owyA/getUpdates "HTTP/1.1 200 OK"
2026-07-19 19:35:54,422 - httpx - INFO - HTTP Request: POST https://api.telegram.org/bot8900982200:AAF6043fYJm81KphTsgNFwSLRewh-53owyA/getUpdates "HTTP/1.1 200 OK"
2026-07-19 19:36:04,638 - httpx - INFO - HTTP Request: POST https://api.telegram.org/bot8900982200:AAF6043fYJm81KphTsgNFwSLRewh-53owyA/getUpdates "HTTP/1.1 200 OK"
2026-07-19 19:36:14,847 - httpx - INFO - HTTP Request: POST https://api.telegram.org/bot8900982200:AAF6043fYJm81KphTsgNFwSLRewh-53owyA/getUpdates "HTTP/1.1 200 OK"
2026-07-19 19:36:25,080 - httpx - INFO - HTTP Request: POST https://api.telegram.org/bot8900982200:AAF6043fYJm81KphTsgNFwSLRewh-53owyA/getUpdates "HTTP/1.1 200 OK"
2026-07-19 19:36:35,326 - httpx - INFO - HTTP Request: POST https://api.telegram.org/bot8900982200:AAF6043fYJm81KphTsgNFwSLRewh-53owyA/getUpdates "HTTP/1.1 200 OK"
2026-07-19 19:36:45,565 - httpx - INFO - HTTP Request: POST https://api.telegram.org/bot8900982200:AAF6043fYJm81KphTsgNFwSLRewh-53owyA/getUpdates "HTTP/1.1 200 OK"
2026-07-19 19:36:55,774 - httpx - INFO - HTTP Request: POST https://api.telegram.org/bot8900982200:AAF6043fYJm81KphTsgNFwSLRewh-53owyA/getUpdates "HTTP/1.1 200 OK"
2026-07-19 19:37:05,989 - httpx - INFO - HTTP Request: POST https://api.telegram.org/bot8900982200:AAF6043fYJm81KphTsgNFwSLRewh-53owyA/getUpdates "HTTP/1.1 200 OK"
2026-07-19 19:37:16,220 - httpx - INFO - HTTP Request: POST https://api.telegram.org/bot8900982200:AAF6043fYJm81KphTsgNFwSLRewh-53owyA/getUpdates "HTTP/1.1 200 OK"
2026-07-19 19:37:26,441 - httpx - INFO - HTTP Request: POST https://api.telegram.org/bot8900982200:AAF6043fYJm81KphTsgNFwSLRewh-53owyA/getUpdates "HTTP/1.1 200 OK"
2026-07-19 19:37:36,664 - httpx - INFO - HTTP Request: POST https://api.telegram.org/bot8900982200:AAF6043fYJm81KphTsgNFwSLRewh-53owyA/getUpdates "HTTP/1.1 200 OK"
2026-07-19 19:37:46,900 - httpx - INFO - HTTP Request: POST https://api.telegram.org/bot8900982200:AAF6043fYJm81KphTsgNFwSLRewh-53owyA/getUpdates "HTTP/1.1 200 OK"
2026-07-19 19:37:57,158 - httpx - INFO - HTTP Request: POST https://api.telegram.org/bot8900982200:AAF6043fYJm81KphTsgNFwSLRewh-53owyA/getUpdates "HTTP/1.1 200 OK"
2026-07-19 19:38:07,449 - httpx - INFO - HTTP Request: POST https://api.telegram.org/bot8900982200:AAF6043fYJm81KphTsgNFwSLRewh-53owyA/getUpdates "HTTP/1.1 200 OK"
2026-07-19 19:38:17,659 - httpx - INFO - HTTP Request: POST https://api.telegram.org/bot8900982200:AAF6043fYJm81KphTsgNFwSLRewh-53owyA/getUpdates "HTTP/1.1 200 OK"
2026-07-19 19:38:27,869 - httpx - INFO - HTTP Request: POST https://api.telegram.org/bot8900982200:AAF6043fYJm81KphTsgNFwSLRewh-53owyA/getUpdates "HTTP/1.1 200 OK"
2026-07-19 19:38:38,079 - httpx - INFO - HTTP Request: POST https://api.telegram.org/bot8900982200:AAF6043fYJm81KphTsgNFwSLRewh-53owyA/getUpdates "HTTP/1.1 200 OK"
2026-07-19 19:38:48,295 - httpx - INFO - HTTP Request: POST https://api.telegram.org/bot8900982200:AAF6043fYJm81KphTsgNFwSLRewh-53owyA/getUpdates "HTTP/1.1 200 OK"
2026-07-19 19:38:58,513 - httpx - INFO - HTTP Request: POST https://api.telegram.org/bot8900982200:AAF6043fYJm81KphTsgNFwSLRewh-53owyA/getUpdates "HTTP/1.1 200 OK"
2026-07-19 19:39:08,730 - httpx - INFO - HTTP Request: POST https://api.telegram.org/bot8900982200:AAF6043fYJm81KphTsgNFwSLRewh-53owyA/getUpdates "HTTP/1.1 200 OK"
2026-07-19 19:39:18,947 - httpx - INFO - HTTP Request: POST https://api.telegram.org/bot8900982200:AAF6043fYJm81KphTsgNFwSLRewh-53owyA/getUpdates "HTTP/1.1 200 OK"
2026-07-19 19:39:29,167 - httpx - INFO - HTTP Request: POST https://api.telegram.org/bot8900982200:AAF6043fYJm81KphTsgNFwSLRewh-53owyA/getUpdates "HTTP/1.1 200 OK"
2026-07-19 19:39:39,386 - httpx - INFO - HTTP Request: POST https://api.telegram.org/bot8900982200:AAF6043fYJm81KphTsgNFwSLRewh-53owyA/getUpdates "HTTP/1.1 200 OK"
2026-07-19 19:39:49,600 - httpx - INFO - HTTP Request: POST https://api.telegram.org/bot8900982200:AAF6043fYJm81KphTsgNFwSLRewh-53owyA/getUpdates "HTTP/1.1 200 OK"
2026-07-19 19:39:59,838 - httpx - INFO - HTTP Request: POST https://api.telegram.org/bot8900982200:AAF6043fYJm81KphTsgNFwSLRewh-53owyA/getUpdates "HTTP/1.1 200 OK"
2026-07-19 19:40:10,050 - httpx - INFO - HTTP Request: POST https://api.telegram.org/bot8900982200:AAF6043fYJm81KphTsgNFwSLRewh-53owyA/getUpdates "HTTP/1.1 200 OK"
2026-07-19 19:40:20,483 - httpx - INFO - HTTP Request: POST https://api.telegram.org/bot8900982200:AAF6043fYJm81KphTsgNFwSLRewh-53owyA/getUpdates "HTTP/1.1 200 OK"
2026-07-19 19:40:30,813 - httpx - INFO - HTTP Request: POST https://api.telegram.org/bot8900982200:AAF6043fYJm81KphTsgNFwSLRewh-53owyA/getUpdates "HTTP/1.1 200 OK"
2026-07-19 19:40:41,024 - httpx - INFO - HTTP Request: POST https://api.telegram.org/bot8900982200:AAF6043fYJm81KphTsgNFwSLRewh-53owyA/getUpdates "HTTP/1.1 200 OK"
2026-07-19 19:40:51,239 - httpx - INFO - HTTP Request: POST https://api.telegram.org/bot8900982200:AAF6043fYJm81KphTsgNFwSLRewh-53owyA/getUpdates "HTTP/1.1 200 OK"
2026-07-19 19:41:01,464 - httpx - INFO - HTTP Request: POST https://api.telegram.org/bot8900982200:AAF6043fYJm81KphTsgNFwSLRewh-53owyA/getUpdates "HTTP/1.1 200 OK"
2026-07-19 19:41:11,673 - httpx - INFO - HTTP Request: POST https://api.telegram.org/bot8900982200:AAF6043fYJm81KphTsgNFwSLRewh-53owyA/getUpdates "HTTP/1.1 200 OK"
2026-07-19 19:41:21,882 - httpx - INFO - HTTP Request: POST https://api.telegram.org/bot8900982200:AAF6043fYJm81KphTsgNFwSLRewh-53owyA/getUpdates "HTTP/1.1 200 OK"
2026-07-19 19:41:32,091 - httpx - INFO - HTTP Request: POST https://api.telegram.org/bot8900982200:AAF6043fYJm81KphTsgNFwSLRewh-53owyA/getUpdates "HTTP/1.1 200 OK"
2026-07-19 19:41:42,299 - httpx - INFO - HTTP Request: POST https://api.telegram.org/bot8900982200:AAF6043fYJm81KphTsgNFwSLRewh-53owyA/getUpdates "HTTP/1.1 200 OK"
2026-07-19 19:41:52,510 - httpx - INFO - HTTP Request: POST https://api.telegram.org/bot8900982200:AAF6043fYJm81KphTsgNFwSLRewh-53owyA/getUpdates "HTTP/1.1 200 OK"
2026-07-19 19:42:02,722 - httpx - INFO - HTTP Request: POST https://api.telegram.org/bot8900982200:AAF6043fYJm81KphTsgNFwSLRewh-53owyA/getUpdates "HTTP/1.1 200 OK"
2026-07-19 19:42:12,935 - httpx - INFO - HTTP Request: POST https://api.telegram.org/bot8900982200:AAF6043fYJm81KphTsgNFwSLRewh-53owyA/getUpdates "HTTP/1.1 200 OK"
2026-07-19 19:42:23,185 - httpx - INFO - HTTP Request: POST https://api.telegram.org/bot8900982200:AAF6043fYJm81KphTsgNFwSLRewh-53owyA/getUpdates "HTTP/1.1 200 OK"
2026-07-19 19:42:33,410 - httpx - INFO - HTTP Request: POST https://api.telegram.org/bot8900982200:AAF6043fYJm81KphTsgNFwSLRewh-53owyA/getUpdates "HTTP/1.1 200 OK"
2026-07-19 19:42:43,625 - httpx - INFO - HTTP Request: POST https://api.telegram.org/bot8900982200:AAF6043fYJm81KphTsgNFwSLRewh-53owyA/getUpdates "HTTP/1.1 200 OK"
2026-07-19 19:42:53,845 - httpx - INFO - HTTP Request: POST https://api.telegram.org/bot8900982200:AAF6043fYJm81KphTsgNFwSLRewh-53owyA/getUpdates "HTTP/1.1 200 OK"
2026-07-19 19:43:04,062 - httpx - INFO - HTTP Request: POST https://api.telegram.org/bot8900982200:AAF6043fYJm81KphTsgNFwSLRewh-53owyA/getUpdates "HTTP/1.1 200 OK"
2026-07-19 19:43:14,271 - httpx - INFO - HTTP Request: POST https://api.telegram.org/bot8900982200:AAF6043fYJm81KphTsgNFwSLRewh-53owyA/getUpdates "HTTP/1.1 200 OK"
2026-07-19 19:43:24,480 - httpx - INFO - HTTP Request: POST https://api.telegram.org/bot8900982200:AAF6043fYJm81KphTsgNFwSLRewh-53owyA/getUpdates "HTTP/1.1 200 OK"
2026-07-19 19:43:34,696 - httpx - INFO - HTTP Request: POST https://api.telegram.org/bot8900982200:AAF6043fYJm81KphTsgNFwSLRewh-53owyA/getUpdates "HTTP/1.1 200 OK"
2026-07-19 19:43:44,917 - httpx - INFO - HTTP Request: POST https://api.telegram.org/bot8900982200:AAF6043fYJm81KphTsgNFwSLRewh-53owyA/getUpdates "HTTP/1.1 200 OK"
2026-07-19 19:43:55,138 - httpx - INFO - HTTP Request: POST https://api.telegram.org/bot8900982200:AAF6043fYJm81KphTsgNFwSLRewh-53owyA/getUpdates "HTTP/1.1 200 OK"
2026-07-19 19:44:05,364 - httpx - INFO - HTTP Request: POST https://api.telegram.org/bot8900982200:AAF6043fYJm81KphTsgNFwSLRewh-53owyA/getUpdates "HTTP/1.1 200 OK"
2026-07-19 19:44:15,583 - httpx - INFO - HTTP Request: POST https://api.telegram.org/bot8900982200:AAF6043fYJm81KphTsgNFwSLRewh-53owyA/getUpdates "HTTP/1.1 200 OK"
2026-07-19 19:44:25,790 - httpx - INFO - HTTP Request: POST https://api.telegram.org/bot8900982200:AAF6043fYJm81KphTsgNFwSLRewh-53owyA/getUpdates "HTTP/1.1 200 OK"
2026-07-19 19:44:36,014 - httpx - INFO - HTTP Request: POST https://api.telegram.org/bot8900982200:AAF6043fYJm81KphTsgNFwSLRewh-53owyA/getUpdates "HTTP/1.1 200 OK"
2026-07-19 19:44:46,229 - httpx - INFO - HTTP Request: POST https://api.telegram.org/bot8900982200:AAF6043fYJm81KphTsgNFwSLRewh-53owyA/getUpdates "HTTP/1.1 200 OK"
2026-07-19 19:44:56,446 - httpx - INFO - HTTP Request: POST https://api.telegram.org/bot8900982200:AAF6043fYJm81KphTsgNFwSLRewh-53owyA/getUpdates "HTTP/1.1 200 OK"
2026-07-19 19:45:06,681 - httpx - INFO - HTTP Request: POST https://api.telegram.org/bot8900982200:AAF6043fYJm81KphTsgNFwSLRewh-53owyA/getUpdates "HTTP/1.1 200 OK"
2026-07-19 19:45:16,944 - httpx - INFO - HTTP Request: POST https://api.telegram.org/bot8900982200:AAF6043fYJm81KphTsgNFwSLRewh-53owyA/getUpdates "HTTP/1.1 200 OK"
2026-07-19 19:45:27,151 - httpx - INFO - HTTP Request: POST https://api.telegram.org/bot8900982200:AAF6043fYJm81KphTsgNFwSLRewh-53owyA/getUpdates "HTTP/1.1 200 OK"
2026-07-19 19:45:37,362 - httpx - INFO - HTTP Request: POST https://api.telegram.org/bot8900982200:AAF6043fYJm81KphTsgNFwSLRewh-53owyA/getUpdates "HTTP/1.1 200 OK"
2026-07-19 19:45:47,577 - httpx - INFO - HTTP Request: POST https://api.telegram.org/bot8900982200:AAF6043fYJm81KphTsgNFwSLRewh-53owyA/getUpdates "HTTP/1.1 200 OK"
2026-07-19 19:45:57,785 - httpx - INFO - HTTP Request: POST https://api.telegram.org/bot8900982200:AAF6043fYJm81KphTsgNFwSLRewh-53owyA/getUpdates "HTTP/1.1 200 OK"
2026-07-19 19:46:08,009 - httpx - INFO - HTTP Request: POST https://api.telegram.org/bot8900982200:AAF6043fYJm81KphTsgNFwSLRewh-53owyA/getUpdates "HTTP/1.1 200 OK"
2026-07-19 19:46:18,216 - httpx - INFO - HTTP Request: POST https://api.telegram.org/bot8900982200:AAF6043fYJm81KphTsgNFwSLRewh-53owyA/getUpdates "HTTP/1.1 200 OK"
2026-07-19 19:46:28,449 - httpx - INFO - HTTP Request: POST https://api.telegram.org/bot8900982200:AAF6043fYJm81KphTsgNFwSLRewh-53owyA/getUpdates "HTTP/1.1 200 OK"
2026-07-19 19:46:38,663 - httpx - INFO - HTTP Request: POST https://api.telegram.org/bot8900982200:AAF6043fYJm81KphTsgNFwSLRewh-53owyA/getUpdates "HTTP/1.1 200 OK"
2026-07-19 19:46:48,879 - httpx - INFO - HTTP Request: POST https://api.telegram.org/bot8900982200:AAF6043fYJm81KphTsgNFwSLRewh-53owyA/getUpdates "HTTP/1.1 200 OK"
2026-07-19 19:47:02,499 - httpx - INFO - HTTP Request: POST https://api.telegram.org/bot8900982200:AAF6043fYJm81KphTsgNFwSLRewh-53owyA/getUpdates "HTTP/1.1 200 OK"
2026-07-19 19:47:12,715 - httpx - INFO - HTTP Request: POST https://api.telegram.org/bot8900982200:AAF6043fYJm81KphTsgNFwSLRewh-53owyA/getUpdates "HTTP/1.1 200 OK"
2026-07-19 19:47:22,928 - httpx - INFO - HTTP Request: POST https://api.telegram.org/bot8900982200:AAF6043fYJm81KphTsgNFwSLRewh-53owyA/getUpdates "HTTP/1.1 200 OK"
2026-07-19 19:47:33,142 - httpx - INFO - HTTP Request: POST https://api.telegram.org/bot8900982200:AAF6043fYJm81KphTsgNFwSLRewh-53owyA/getUpdates "HTTP/1.1 200 OK"
2026-07-19 19:47:43,360 - httpx - INFO - HTTP Request: POST https://api.telegram.org/bot8900982200:AAF6043fYJm81KphTsgNFwSLRewh-53owyA/getUpdates "HTTP/1.1 200 OK"
2026-07-19 19:47:53,573 - httpx - INFO - HTTP Request: POST https://api.telegram.org/bot8900982200:AAF6043fYJm81KphTsgNFwSLRewh-53owyA/getUpdates "HTTP/1.1 200 OK"
2026-07-19 19:48:03,790 - httpx - INFO - HTTP Request: POST https://api.telegram.org/bot8900982200:AAF6043fYJm81KphTsgNFwSLRewh-53owyA/getUpdates "HTTP/1.1 200 OK"
2026-07-19 19:48:14,006 - httpx - INFO - HTTP Request: POST https://api.telegram.org/bot8900982200:AAF6043fYJm81KphTsgNFwSLRewh-53owyA/getUpdates "HTTP/1.1 200 OK"
2026-07-19 19:48:24,225 - httpx - INFO - HTTP Request: POST https://api.telegram.org/bot8900982200:AAF6043fYJm81KphTsgNFwSLRewh-53owyA/getUpdates "HTTP/1.1 200 OK"
2026-07-19 19:48:34,441 - httpx - INFO - HTTP Request: POST https://api.telegram.org/bot8900982200:AAF6043fYJm81KphTsgNFwSLRewh-53owyA/getUpdates "HTTP/1.1 200 OK"
2026-07-19 19:48:44,660 - httpx - INFO - HTTP Request: POST https://api.telegram.org/bot8900982200:AAF6043fYJm81KphTsgNFwSLRewh-53owyA/getUpdates "HTTP/1.1 200 OK"
2026-07-19 19:48:54,880 - httpx - INFO - HTTP Request: POST https://api.telegram.org/bot8900982200:AAF6043fYJm81KphTsgNFwSLRewh-53owyA/getUpdates "HTTP/1.1 200 OK"
2026-07-19 19:49:05,101 - httpx - INFO - HTTP Request: POST https://api.telegram.org/bot8900982200:AAF6043fYJm81KphTsgNFwSLRewh-53owyA/getUpdates "HTTP/1.1 200 OK"
2026-07-19 19:49:15,317 - httpx - INFO - HTTP Request: POST https://api.telegram.org/bot8900982200:AAF6043fYJm81KphTsgNFwSLRewh-53owyA/getUpdates "HTTP/1.1 200 OK"
2026-07-19 19:49:25,532 - httpx - INFO - HTTP Request: POST https://api.telegram.org/bot8900982200:AAF6043fYJm81KphTsgNFwSLRewh-53owyA/getUpdates "HTTP/1.1 200 OK"
2026-07-19 19:49:35,800 - httpx - INFO - HTTP Request: POST https://api.telegram.org/bot8900982200:AAF6043fYJm81KphTsgNFwSLRewh-53owyA/getUpdates "HTTP/1.1 200 OK"
2026-07-19 19:49:46,068 - httpx - INFO - HTTP Request: POST https://api.telegram.org/bot8900982200:AAF6043fYJm81KphTsgNFwSLRewh-53owyA/getUpdates "HTTP/1.1 200 OK"
2026-07-19 19:49:56,278 - httpx - INFO - HTTP Request: POST https://api.telegram.org/bot8900982200:AAF6043fYJm81KphTsgNFwSLRewh-53owyA/getUpdates "HTTP/1.1 200 OK"
2026-07-19 19:50:06,484 - httpx - INFO - HTTP Request: POST https://api.telegram.org/bot8900982200:AAF6043fYJm81KphTsgNFwSLRewh-53owyA/getUpdates "HTTP/1.1 200 OK"
2026-07-19 19:50:16,699 - httpx - INFO - HTTP Request: POST https://api.telegram.org/bot8900982200:AAF6043fYJm81KphTsgNFwSLRewh-53owyA/getUpdates "HTTP/1.1 200 OK"
2026-07-19 19:50:26,906 - httpx - INFO - HTTP Request: POST https://api.telegram.org/bot8900982200:AAF6043fYJm81KphTsgNFwSLRewh-53owyA/getUpdates "HTTP/1.1 200 OK"
2026-07-19 19:50:37,123 - httpx - INFO - HTTP Request: POST https://api.telegram.org/bot8900982200:AAF6043fYJm81KphTsgNFwSLRewh-53owyA/getUpdates "HTTP/1.1 200 OK"
2026-07-19 19:50:47,333 - httpx - INFO - HTTP Request: POST https://api.telegram.org/bot8900982200:AAF6043fYJm81KphTsgNFwSLRewh-53owyA/getUpdates "HTTP/1.1 200 OK"
2026-07-19 19:50:57,555 - httpx - INFO - HTTP Request: POST https://api.telegram.org/bot8900982200:AAF6043fYJm81KphTsgNFwSLRewh-53owyA/getUpdates "HTTP/1.1 200 OK"
2026-07-19 19:51:07,775 - httpx - INFO - HTTP Request: POST https://api.telegram.org/bot8900982200:AAF6043fYJm81KphTsgNFwSLRewh-53owyA/getUpdates "HTTP/1.1 200 OK"
2026-07-19 19:51:17,986 - httpx - INFO - HTTP Request: POST https://api.telegram.org/bot8900982200:AAF6043fYJm81KphTsgNFwSLRewh-53owyA/getUpdates "HTTP/1.1 200 OK"
2026-07-19 19:51:28,204 - httpx - INFO - HTTP Request: POST https://api.telegram.org/bot8900982200:AAF6043fYJm81KphTsgNFwSLRewh-53owyA/getUpdates "HTTP/1.1 200 OK"
2026-07-19 19:51:38,427 - httpx - INFO - HTTP Request: POST https://api.telegram.org/bot8900982200:AAF6043fYJm81KphTsgNFwSLRewh-53owyA/getUpdates "HTTP/1.1 200 OK"
2026-07-19 19:51:48,654 - httpx - INFO - HTTP Request: POST https://api.telegram.org/bot8900982200:AAF6043fYJm81KphTsgNFwSLRewh-53owyA/getUpdates "HTTP/1.1 200 OK"
2026-07-19 19:51:58,862 - httpx - INFO - HTTP Request: POST https://api.telegram.org/bot8900982200:AAF6043fYJm81KphTsgNFwSLRewh-53owyA/getUpdates "HTTP/1.1 200 OK"
2026-07-19 19:52:09,076 - httpx - INFO - HTTP Request: POST https://api.telegram.org/bot8900982200:AAF6043fYJm81KphTsgNFwSLRewh-53owyA/getUpdates "HTTP/1.1 200 OK"
2026-07-19 19:52:19,298 - httpx - INFO - HTTP Request: POST https://api.telegram.org/bot8900982200:AAF6043fYJm81KphTsgNFwSLRewh-53owyA/getUpdates "HTTP/1.1 200 OK"
2026-07-19 19:52:29,511 - httpx - INFO - HTTP Request: POST https://api.telegram.org/bot8900982200:AAF6043fYJm81KphTsgNFwSLRewh-53owyA/getUpdates "HTTP/1.1 200 OK"
2026-07-19 19:52:39,733 - httpx - INFO - HTTP Request: POST https://api.telegram.org/bot8900982200:AAF6043fYJm81KphTsgNFwSLRewh-53owyA/getUpdates "HTTP/1.1 200 OK"
2026-07-19 19:52:49,952 - httpx - INFO - HTTP Request: POST https://api.telegram.org/bot8900982200:AAF6043fYJm81KphTsgNFwSLRewh-53owyA/getUpdates "HTTP/1.1 200 OK"
2026-07-19 19:53:00,174 - httpx - INFO - HTTP Request: POST https://api.telegram.org/bot8900982200:AAF6043fYJm81KphTsgNFwSLRewh-53owyA/getUpdates "HTTP/1.1 200 OK"
2026-07-19 19:53:10,389 - httpx - INFO - HTTP Request: POST https://api.telegram.org/bot8900982200:AAF6043fYJm81KphTsgNFwSLRewh-53owyA/getUpdates "HTTP/1.1 200 OK"
2026-07-19 19:53:20,603 - httpx - INFO - HTTP Request: POST https://api.telegram.org/bot8900982200:AAF6043fYJm81KphTsgNFwSLRewh-53owyA/getUpdates "HTTP/1.1 200 OK"
2026-07-19 19:53:30,827 - httpx - INFO - HTTP Request: POST https://api.telegram.org/bot8900982200:AAF6043fYJm81KphTsgNFwSLRewh-53owyA/getUpdates "HTTP/1.1 200 OK"
2026-07-19 19:53:41,046 - httpx - INFO - HTTP Request: POST https://api.telegram.org/bot8900982200:AAF6043fYJm81KphTsgNFwSLRewh-53owyA/getUpdates "HTTP/1.1 200 OK"
2026-07-19 19:53:51,265 - httpx - INFO - HTTP Request: POST https://api.telegram.org/bot8900982200:AAF6043fYJm81KphTsgNFwSLRewh-53owyA/getUpdates "HTTP/1.1 200 OK"
2026-07-19 19:54:01,479 - httpx - INFO - HTTP Request: POST https://api.telegram.org/bot8900982200:AAF6043fYJm81KphTsgNFwSLRewh-53owyA/getUpdates "HTTP/1.1 200 OK"
2026-07-19 19:54:11,741 - httpx - INFO - HTTP Request: POST https://api.telegram.org/bot8900982200:AAF6043fYJm81KphTsgNFwSLRewh-53owyA/getUpdates "HTTP/1.1 200 OK"
2026-07-19 19:54:21,958 - httpx - INFO - HTTP Request: POST https://api.telegram.org/bot8900982200:AAF6043fYJm81KphTsgNFwSLRewh-53owyA/getUpdates "HTTP/1.1 200 OK"
2026-07-19 19:54:32,178 - httpx - INFO - HTTP Request: POST https://api.telegram.org/bot8900982200:AAF6043fYJm81KphTsgNFwSLRewh-53owyA/getUpdates "HTTP/1.1 200 OK"
2026-07-19 19:54:42,392 - httpx - INFO - HTTP Request: POST https://api.telegram.org/bot8900982200:AAF6043fYJm81KphTsgNFwSLRewh-53owyA/getUpdates "HTTP/1.1 200 OK"
2026-07-19 19:54:52,610 - httpx - INFO - HTTP Request: POST https://api.telegram.org/bot8900982200:AAF6043fYJm81KphTsgNFwSLRewh-53owyA/getUpdates "HTTP/1.1 200 OK"
2026-07-19 19:55:02,835 - httpx - INFO - HTTP Request: POST https://api.telegram.org/bot8900982200:AAF6043fYJm81KphTsgNFwSLRewh-53owyA/getUpdates "HTTP/1.1 200 OK"
2026-07-19 19:55:13,051 - httpx - INFO - HTTP Request: POST https://api.telegram.org/bot8900982200:AAF6043fYJm81KphTsgNFwSLRewh-53owyA/getUpdates "HTTP/1.1 200 OK"
2026-07-19 19:55:22,147 - httpx - INFO - HTTP Request: POST https://api.telegram.org/bot8900982200:AAF6043fYJm81KphTsgNFwSLRewh-53owyA/getUpdates "HTTP/1.1 200 OK"
2026-07-19 19:55:22,967 - httpx - INFO - HTTP Request: POST https://api.telegram.org/bot8900982200:AAF6043fYJm81KphTsgNFwSLRewh-53owyA/sendMessage "HTTP/1.1 200 OK"
2026-07-19 19:55:26,766 - httpx - INFO - HTTP Request: POST https://api.telegram.org/bot8900982200:AAF6043fYJm81KphTsgNFwSLRewh-53owyA/getUpdates "HTTP/1.1 200 OK"
2026-07-19 19:55:36,980 - httpx - INFO - HTTP Request: POST https://api.telegram.org/bot8900982200:AAF6043fYJm81KphTsgNFwSLRewh-53owyA/getUpdates "HTTP/1.1 200 OK"
2026-07-19 19:55:45,870 - httpx - INFO - HTTP Request: POST https://api.telegram.org/bot8900982200:AAF6043fYJm81KphTsgNFwSLRewh-53owyA/getUpdates "HTTP/1.1 200 OK"
2026-07-19 19:55:45,880 - __main__ - INFO - Usuário: oi
2026-07-19 19:55:47,123 - httpx - INFO - HTTP Request: POST https://api.telegram.org/bot8900982200:AAF6043fYJm81KphTsgNFwSLRewh-53owyA/sendMessage "HTTP/1.1 200 OK"
2026-07-19 19:55:49,244 - httpx - INFO - HTTP Request: POST https://api.telegram.org/bot8900982200:AAF6043fYJm81KphTsgNFwSLRewh-53owyA/getUpdates "HTTP/1.1 200 OK"
2026-07-19 19:55:49,252 - __main__ - INFO - Usuário: /admin
2026-07-19 19:55:50,047 - httpx - INFO - HTTP Request: POST https://api.telegram.org/bot8900982200:AAF6043fYJm81KphTsgNFwSLRewh-53owyA/sendMessage "HTTP/1.1 200 OK"
2026-07-19 19:55:53,512 - httpx - INFO - HTTP Request: POST https://api.telegram.org/bot8900982200:AAF6043fYJm81KphTsgNFwSLRewh-53owyA/getUpdates "HTTP/1.1 200 OK"
2026-07-19 19:55:53,518 - __main__ - INFO - Usuário: /admin
2026-07-19 19:55:54,368 - httpx - INFO - HTTP Request: POST https://api.telegram.org/bot8900982200:AAF6043fYJm81KphTsgNFwSLRewh-53owyA/sendMessage "HTTP/1.1 200 OK"
2026-07-19 19:56:04,235 - httpx - INFO - HTTP Request: POST https://api.telegram.org/bot8900982200:AAF6043fYJm81KphTsgNFwSLRewh-53owyA/getUpdates "HTTP/1.1 200 OK"
2026-07-19 19:56:14,575 - httpx - INFO - HTTP Request: POST https://api.telegram.org/bot8900982200:AAF6043fYJm81KphTsgNFwSLRewh-53owyA/getUpdates "HTTP/1.1 200 OK"
2026-07-19 19:56:24,801 - httpx - INFO - HTTP Request: POST https://api.telegram.org/bot8900982200:AAF6043fYJm81KphTsgNFwSLRewh-53owyA/getUpdates "HTTP/1.1 200 OK"
2026-07-19 19:56:35,010 - httpx - INFO - HTTP Request: POST https://api.telegram.org/bot8900982200:AAF6043fYJm81KphTsgNFwSLRewh-53owyA/getUpdates "HTTP/1.1 200 OK"
2026-07-19 19:56:45,216 - httpx - INFO - HTTP Request: POST https://api.telegram.org/bot8900982200:AAF6043fYJm81KphTsgNFwSLRewh-53owyA/getUpdates "HTTP/1.1 200 OK"
2026-07-19 19:56:55,429 - httpx - INFO - HTTP Request: POST https://api.telegram.org/bot8900982200:AAF6043fYJm81KphTsgNFwSLRewh-53owyA/getUpdates "HTTP/1.1 200 OK"
2026-07-19 19:57:05,657 - httpx - INFO - HTTP Request: POST https://api.telegram.org/bot8900982200:AAF6043fYJm81KphTsgNFwSLRewh-53owyA/getUpdates "HTTP/1.1 200 OK"
2026-07-19 19:57:15,891 - httpx - INFO - HTTP Request: POST https://api.telegram.org/bot8900982200:AAF6043fYJm81KphTsgNFwSLRewh-53owyA/getUpdates "HTTP/1.1 200 OK"
2026-07-19 19:57:26,111 - httpx - INFO - HTTP Request: POST https://api.telegram.org/bot8900982200:AAF6043fYJm81KphTsgNFwSLRewh-53owyA/getUpdates "HTTP/1.1 200 OK"
2026-07-19 19:57:36,327 - httpx - INFO - HTTP Request: POST https://api.telegram.org/bot8900982200:AAF6043fYJm81KphTsgNFwSLRewh-53owyA/getUpdates "HTTP/1.1 200 OK"
2026-07-19 19:57:46,545 - httpx - INFO - HTTP Request: POST https://api.telegram.org/bot8900982200:AAF6043fYJm81KphTsgNFwSLRewh-53owyA/getUpdates "HTTP/1.1 200 OK"
2026-07-19 19:57:56,759 - httpx - INFO - HTTP Request: POST https://api.telegram.org/bot8900982200:AAF6043fYJm81KphTsgNFwSLRewh-53owyA/getUpdates "HTTP/1.1 200 OK"
2026-07-19 19:58:06,971 - httpx - INFO - HTTP Request: POST https://api.telegram.org/bot8900982200:AAF6043fYJm81KphTsgNFwSLRewh-53owyA/getUpdates "HTTP/1.1 200 OK"
2026-07-19 19:58:17,190 - httpx - INFO - HTTP Request: POST https://api.telegram.org/bot8900982200:AAF6043fYJm81KphTsgNFwSLRewh-53owyA/getUpdates "HTTP/1.1 200 OK"
2026-07-19 19:58:27,420 - httpx - INFO - HTTP Request: POST https://api.telegram.org/bot8900982200:AAF6043fYJm81KphTsgNFwSLRewh-53owyA/getUpdates "HTTP/1.1 200 OK"
2026-07-19 19:58:37,641 - httpx - INFO - HTTP Request: POST https://api.telegram.org/bot8900982200:AAF6043fYJm81KphTsgNFwSLRewh-53owyA/getUpdates "HTTP/1.1 200 OK"
2026-07-19 19:58:47,854 - httpx - INFO - HTTP Request: POST https://api.telegram.org/bot8900982200:AAF6043fYJm81KphTsgNFwSLRewh-53owyA/getUpdates "HTTP/1.1 200 OK"
2026-07-19 19:58:58,066 - httpx - INFO - HTTP Request: POST https://api.telegram.org/bot8900982200:AAF6043fYJm81KphTsgNFwSLRewh-53owyA/getUpdates "HTTP/1.1 200 OK"
2026-07-19 19:59:08,281 - httpx - INFO - HTTP Request: POST https://api.telegram.org/bot8900982200:AAF6043fYJm81KphTsgNFwSLRewh-53owyA/getUpdates "HTTP/1.1 200 OK"
2026-07-19 19:59:18,499 - httpx - INFO - HTTP Request: POST https://api.telegram.org/bot8900982200:AAF6043fYJm81KphTsgNFwSLRewh-53owyA/getUpdates "HTTP/1.1 200 OK"
2026-07-19 19:59:28,708 - httpx - INFO - HTTP Request: POST https://api.telegram.org/bot8900982200:AAF6043fYJm81KphTsgNFwSLRewh-53owyA/getUpdates "HTTP/1.1 200 OK"
2026-07-19 19:59:38,924 - httpx - INFO - HTTP Request: POST https://api.telegram.org/bot8900982200:AAF6043fYJm81KphTsgNFwSLRewh-53owyA/getUpdates "HTTP/1.1 200 OK"
2026-07-19 19:59:49,141 - httpx - INFO - HTTP Request: POST https://api.telegram.org/bot8900982200:AAF6043fYJm81KphTsgNFwSLRewh-53owyA/getUpdates "HTTP/1.1 200 OK"
2026-07-19 19:59:59,359 - httpx - INFO - HTTP Request: POST https://api.telegram.org/bot8900982200:AAF6043fYJm81KphTsgNFwSLRewh-53owyA/getUpdates "HTTP/1.1 200 OK"
2026-07-19 20:00:09,573 - httpx - INFO - HTTP Request: POST https://api.telegram.org/bot8900982200:AAF6043fYJm81KphTsgNFwSLRewh-53owyA/getUpdates "HTTP/1.1 200 OK"
2026-07-19 20:00:19,790 - httpx - INFO - HTTP Request: POST https://api.telegram.org/bot8900982200:AAF6043fYJm81KphTsgNFwSLRewh-53owyA/getUpdates "HTTP/1.1 200 OK"
2026-07-19 20:00:30,001 - httpx - INFO - HTTP Request: POST https://api.telegram.org/bot8900982200:AAF6043fYJm81KphTsgNFwSLRewh-53owyA/getUpdates "HTTP/1.1 200 OK"
2026-07-19 20:00:40,219 - httpx - INFO - HTTP Request: POST https://api.telegram.org/bot8900982200:AAF6043fYJm81KphTsgNFwSLRewh-53owyA/getUpdates "HTTP/1.1 200 OK"
2026-07-19 20:00:50,433 - httpx - INFO - HTTP Request: POST https://api.telegram.org/bot8900982200:AAF6043fYJm81KphTsgNFwSLRewh-53owyA/getUpdates "HTTP/1.1 200 OK"
2026-07-19 20:01:00,647 - httpx - INFO - HTTP Request: POST https://api.telegram.org/bot8900982200:AAF6043fYJm81KphTsgNFwSLRewh-53owyA/getUpdates "HTTP/1.1 200 OK"
2026-07-19 20:01:10,861 - httpx - INFO - HTTP Request: POST https://api.telegram.org/bot8900982200:AAF6043fYJm81KphTsgNFwSLRewh-53owyA/getUpdates "HTTP/1.1 200 OK"
2026-07-19 20:01:21,098 - httpx - INFO - HTTP Request: POST https://api.telegram.org/bot8900982200:AAF6043fYJm81KphTsgNFwSLRewh-53owyA/getUpdates "HTTP/1.1 200 OK"
2026-07-19 20:01:31,397 - httpx - INFO - HTTP Request: POST https://api.telegram.org/bot8900982200:AAF6043fYJm81KphTsgNFwSLRewh-53owyA/getUpdates "HTTP/1.1 200 OK"
2026-07-19 20:01:41,613 - httpx - INFO - HTTP Request: POST https://api.telegram.org/bot8900982200:AAF6043fYJm81KphTsgNFwSLRewh-53owyA/getUpdates "HTTP/1.1 200 OK"
2026-07-19 20:01:51,840 - httpx - INFO - HTTP Request: POST https://api.telegram.org/bot8900982200:AAF6043fYJm81KphTsgNFwSLRewh-53owyA/getUpdates "HTTP/1.1 200 OK"
2026-07-19 20:02:02,067 - httpx - INFO - HTTP Request: POST https://api.telegram.org/bot8900982200:AAF6043fYJm81KphTsgNFwSLRewh-53owyA/getUpdates "HTTP/1.1 200 OK"
2026-07-19 20:02:12,285 - httpx - INFO - HTTP Request: POST https://api.telegram.org/bot8900982200:AAF6043fYJm81KphTsgNFwSLRewh-53owyA/getUpdates "HTTP/1.1 200 OK"
2026-07-19 20:02:22,509 - httpx - INFO - HTTP Request: POST https://api.telegram.org/bot8900982200:AAF6043fYJm81KphTsgNFwSLRewh-53owyA/getUpdates "HTTP/1.1 200 OK"
2026-07-19 20:02:32,724 - httpx - INFO - HTTP Request: POST https://api.telegram.org/bot8900982200:AAF6043fYJm81KphTsgNFwSLRewh-53owyA/getUpdates "HTTP/1.1 200 OK"
2026-07-19 20:02:43,785 - httpx - INFO - HTTP Request: POST https://api.telegram.org/bot8900982200:AAF6043fYJm81KphTsgNFwSLRewh-53owyA/getUpdates "HTTP/1.1 200 OK"
2026-07-19 20:02:54,063 - httpx - INFO - HTTP Request: POST https://api.telegram.org/bot8900982200:AAF6043fYJm81KphTsgNFwSLRewh-53owyA/getUpdates "HTTP/1.1 200 OK"
2026-07-19 20:03:04,288 - httpx - INFO - HTTP Request: POST https://api.telegram.org/bot8900982200:AAF6043fYJm81KphTsgNFwSLRewh-53owyA/getUpdates "HTTP/1.1 200 OK"
2026-07-19 20:03:14,500 - httpx - INFO - HTTP Request: POST https://api.telegram.org/bot8900982200:AAF6043fYJm81KphTsgNFwSLRewh-53owyA/getUpdates "HTTP/1.1 200 OK"
2026-07-19 20:03:24,724 - httpx - INFO - HTTP Request: POST https://api.telegram.org/bot8900982200:AAF6043fYJm81KphTsgNFwSLRewh-53owyA/getUpdates "HTTP/1.1 200 OK"
2026-07-19 20:03:34,943 - httpx - INFO - HTTP Request: POST https://api.telegram.org/bot8900982200:AAF6043fYJm81KphTsgNFwSLRewh-53owyA/getUpdates "HTTP/1.1 200 OK"
2026-07-19 20:03:45,159 - httpx - INFO - HTTP Request: POST https://api.telegram.org/bot8900982200:AAF6043fYJm81KphTsgNFwSLRewh-53owyA/getUpdates "HTTP/1.1 200 OK"
2026-07-19 20:03:55,369 - httpx - INFO - HTTP Request: POST https://api.telegram.org/bot8900982200:AAF6043fYJm81KphTsgNFwSLRewh-53owyA/getUpdates "HTTP/1.1 200 OK"
2026-07-19 20:04:05,584 - httpx - INFO - HTTP Request: POST https://api.telegram.org/bot8900982200:AAF6043fYJm81KphTsgNFwSLRewh-53owyA/getUpdates "HTTP/1.1 200 OK"
2026-07-19 20:04:15,839 - httpx - INFO - HTTP Request: POST https://api.telegram.org/bot8900982200:AAF6043fYJm81KphTsgNFwSLRewh-53owyA/getUpdates "HTTP/1.1 200 OK"
2026-07-19 20:04:26,082 - httpx - INFO - HTTP Request: POST https://api.telegram.org/bot8900982200:AAF6043fYJm81KphTsgNFwSLRewh-53owyA/getUpdates "HTTP/1.1 200 OK"
2026-07-19 20:04:36,519 - httpx - INFO - HTTP Request: POST https://api.telegram.org/bot8900982200:AAF6043fYJm81KphTsgNFwSLRewh-53owyA/getUpdates "HTTP/1.1 200 OK"
2026-07-19 20:04:46,782 - httpx - INFO - HTTP Request: POST https://api.telegram.org/bot8900982200:AAF6043fYJm81KphTsgNFwSLRewh-53owyA/getUpdates "HTTP/1.1 200 OK"
2026-07-19 20:04:57,000 - httpx - INFO - HTTP Request: POST https://api.telegram.org/bot8900982200:AAF6043fYJm81KphTsgNFwSLRewh-53owyA/getUpdates "HTTP/1.1 200 OK"
2026-07-19 20:05:07,213 - httpx - INFO - HTTP Request: POST https://api.telegram.org/bot8900982200:AAF6043fYJm81KphTsgNFwSLRewh-53owyA/getUpdates "HTTP/1.1 200 OK"
2026-07-19 20:05:17,435 - httpx - INFO - HTTP Request: POST https://api.telegram.org/bot8900982200:AAF6043fYJm81KphTsgNFwSLRewh-53owyA/getUpdates "HTTP/1.1 200 OK"
2026-07-19 20:05:27,653 - httpx - INFO - HTTP Request: POST https://api.telegram.org/bot8900982200:AAF6043fYJm81KphTsgNFwSLRewh-53owyA/getUpdates "HTTP/1.1 200 OK"
2026-07-19 20:05:37,864 - httpx - INFO - HTTP Request: POST https://api.telegram.org/bot8900982200:AAF6043fYJm81KphTsgNFwSLRewh-53owyA/getUpdates "HTTP/1.1 200 OK"
2026-07-19 20:05:48,087 - httpx - INFO - HTTP Request: POST https://api.telegram.org/bot8900982200:AAF6043fYJm81KphTsgNFwSLRewh-53owyA/getUpdates "HTTP/1.1 200 OK"
2026-07-19 20:05:58,303 - httpx - INFO - HTTP Request: POST https://api.telegram.org/bot8900982200:AAF6043fYJm81KphTsgNFwSLRewh-53owyA/getUpdates "HTTP/1.1 200 OK"
2026-07-19 20:06:08,521 - httpx - INFO - HTTP Request: POST https://api.telegram.org/bot8900982200:AAF6043fYJm81KphTsgNFwSLRewh-53owyA/getUpdates "HTTP/1.1 200 OK"
2026-07-19 20:06:18,732 - httpx - INFO - HTTP Request: POST https://api.telegram.org/bot8900982200:AAF6043fYJm81KphTsgNFwSLRewh-53owyA/getUpdates "HTTP/1.1 200 OK"
2026-07-19 20:06:28,961 - httpx - INFO - HTTP Request: POST https://api.telegram.org/bot8900982200:AAF6043fYJm81KphTsgNFwSLRewh-53owyA/getUpdates "HTTP/1.1 200 OK"
2026-07-19 20:06:39,279 - httpx - INFO - HTTP Request: POST https://api.telegram.org/bot8900982200:AAF6043fYJm81KphTsgNFwSLRewh-53owyA/getUpdates "HTTP/1.1 200 OK"
2026-07-19 20:06:49,667 - httpx - INFO - HTTP Request: POST https://api.telegram.org/bot8900982200:AAF6043fYJm81KphTsgNFwSLRewh-53owyA/getUpdates "HTTP/1.1 200 OK"
2026-07-19 20:06:59,881 - httpx - INFO - HTTP Request: POST https://api.telegram.org/bot8900982200:AAF6043fYJm81KphTsgNFwSLRewh-53owyA/getUpdates "HTTP/1.1 200 OK"
2026-07-19 20:07:10,111 - httpx - INFO - HTTP Request: POST https://api.telegram.org/bot8900982200:AAF6043fYJm81KphTsgNFwSLRewh-53owyA/getUpdates "HTTP/1.1 200 OK"
2026-07-19 20:07:20,328 - httpx - INFO - HTTP Request: POST https://api.telegram.org/bot8900982200:AAF6043fYJm81KphTsgNFwSLRewh-53owyA/getUpdates "HTTP/1.1 200 OK"
2026-07-19 20:07:30,552 - httpx - INFO - HTTP Request: POST https://api.telegram.org/bot8900982200:AAF6043fYJm81KphTsgNFwSLRewh-53owyA/getUpdates "HTTP/1.1 200 OK"
2026-07-19 20:07:40,765 - httpx - INFO - HTTP Request: POST https://api.telegram.org/bot8900982200:AAF6043fYJm81KphTsgNFwSLRewh-53owyA/getUpdates "HTTP/1.1 200 OK"
2026-07-19 20:07:50,974 - httpx - INFO - HTTP Request: POST https://api.telegram.org/bot8900982200:AAF6043fYJm81KphTsgNFwSLRewh-53owyA/getUpdates "HTTP/1.1 200 OK"
2026-07-19 20:08:01,184 - httpx - INFO - HTTP Request: POST https://api.telegram.org/bot8900982200:AAF6043fYJm81KphTsgNFwSLRewh-53owyA/getUpdates "HTTP/1.1 200 OK"
2026-07-19 20:08:11,394 - httpx - INFO - HTTP Request: POST https://api.telegram.org/bot8900982200:AAF6043fYJm81KphTsgNFwSLRewh-53owyA/getUpdates "HTTP/1.1 200 OK"
2026-07-19 20:08:21,637 - httpx - INFO - HTTP Request: POST https://api.telegram.org/bot8900982200:AAF6043fYJm81KphTsgNFwSLRewh-53owyA/getUpdates "HTTP/1.1 200 OK"
2026-07-19 20:08:31,946 - httpx - INFO - HTTP Request: POST https://api.telegram.org/bot8900982200:AAF6043fYJm81KphTsgNFwSLRewh-53owyA/getUpdates "HTTP/1.1 200 OK"
2026-07-19 20:08:42,157 - httpx - INFO - HTTP Request: POST https://api.telegram.org/bot8900982200:AAF6043fYJm81KphTsgNFwSLRewh-53owyA/getUpdates "HTTP/1.1 200 OK"
2026-07-19 20:08:52,383 - httpx - INFO - HTTP Request: POST https://api.telegram.org/bot8900982200:AAF6043fYJm81KphTsgNFwSLRewh-53owyA/getUpdates "HTTP/1.1 200 OK"
2026-07-19 20:09:02,599 - httpx - INFO - HTTP Request: POST https://api.telegram.org/bot8900982200:AAF6043fYJm81KphTsgNFwSLRewh-53owyA/getUpdates "HTTP/1.1 200 OK"
2026-07-19 20:09:12,837 - httpx - INFO - HTTP Request: POST https://api.telegram.org/bot8900982200:AAF6043fYJm81KphTsgNFwSLRewh-53owyA/getUpdates "HTTP/1.1 200 OK"
2026-07-19 20:09:23,056 - httpx - INFO - HTTP Request: POST https://api.telegram.org/bot8900982200:AAF6043fYJm81KphTsgNFwSLRewh-53owyA/getUpdates "HTTP/1.1 200 OK"
2026-07-19 20:09:33,318 - httpx - INFO - HTTP Request: POST https://api.telegram.org/bot8900982200:AAF6043fYJm81KphTsgNFwSLRewh-53owyA/getUpdates "HTTP/1.1 200 OK"
2026-07-19 20:09:43,563 - httpx - INFO - HTTP Request: POST https://api.telegram.org/bot8900982200:AAF6043fYJm81KphTsgNFwSLRewh-53owyA/getUpdates "HTTP/1.1 200 OK"
2026-07-19 20:09:53,774 - httpx - INFO - HTTP Request: POST https://api.telegram.org/bot8900982200:AAF6043fYJm81KphTsgNFwSLRewh-53owyA/getUpdates "HTTP/1.1 200 OK"
2026-07-19 20:10:03,986 - httpx - INFO - HTTP Request: POST https://api.telegram.org/bot8900982200:AAF6043fYJm81KphTsgNFwSLRewh-53owyA/getUpdates "HTTP/1.1 200 OK"
2026-07-19 20:10:14,202 - httpx - INFO - HTTP Request: POST https://api.telegram.org/bot8900982200:AAF6043fYJm81KphTsgNFwSLRewh-53owyA/getUpdates "HTTP/1.1 200 OK"
2026-07-19 20:10:24,419 - httpx - INFO - HTTP Request: POST https://api.telegram.org/bot8900982200:AAF6043fYJm81KphTsgNFwSLRewh-53owyA/getUpdates "HTTP/1.1 200 OK"
2026-07-19 20:10:34,700 - httpx - INFO - HTTP Request: POST https://api.telegram.org/bot8900982200:AAF6043fYJm81KphTsgNFwSLRewh-53owyA/getUpdates "HTTP/1.1 200 OK"
2026-07-19 20:10:44,909 - httpx - INFO - HTTP Request: POST https://api.telegram.org/bot8900982200:AAF6043fYJm81KphTsgNFwSLRewh-53owyA/getUpdates "HTTP/1.1 200 OK"
2026-07-19 20:10:55,128 - httpx - INFO - HTTP Request: POST https://api.telegram.org/bot8900982200:AAF6043fYJm81KphTsgNFwSLRewh-53owyA/getUpdates "HTTP/1.1 200 OK"
2026-07-19 20:11:05,344 - httpx - INFO - HTTP Request: POST https://api.telegram.org/bot8900982200:AAF6043fYJm81KphTsgNFwSLRewh-53owyA/getUpdates "HTTP/1.1 200 OK"
2026-07-19 20:11:15,565 - httpx - INFO - HTTP Request: POST https://api.telegram.org/bot8900982200:AAF6043fYJm81KphTsgNFwSLRewh-53owyA/getUpdates "HTTP/1.1 200 OK"
2026-07-19 20:11:25,793 - httpx - INFO - HTTP Request: POST https://api.telegram.org/bot8900982200:AAF6043fYJm81KphTsgNFwSLRewh-53owyA/getUpdates "HTTP/1.1 200 OK"
2026-07-19 20:11:36,014 - httpx - INFO - HTTP Request: POST https://api.telegram.org/bot8900982200:AAF6043fYJm81KphTsgNFwSLRewh-53owyA/getUpdates "HTTP/1.1 200 OK"
2026-07-19 20:11:46,227 - httpx - INFO - HTTP Request: POST https://api.telegram.org/bot8900982200:AAF6043fYJm81KphTsgNFwSLRewh-53owyA/getUpdates "HTTP/1.1 200 OK"
2026-07-19 20:11:56,443 - httpx - INFO - HTTP Request: POST https://api.telegram.org/bot8900982200:AAF6043fYJm81KphTsgNFwSLRewh-53owyA/getUpdates "HTTP/1.1 200 OK"
2026-07-19 20:12:06,653 - httpx - INFO - HTTP Request: POST https://api.telegram.org/bot8900982200:AAF6043fYJm81KphTsgNFwSLRewh-53owyA/getUpdates "HTTP/1.1 200 OK"
2026-07-19 20:12:16,874 - httpx - INFO - HTTP Request: POST https://api.telegram.org/bot8900982200:AAF6043fYJm81KphTsgNFwSLRewh-53owyA/getUpdates "HTTP/1.1 200 OK"
2026-07-19 20:12:27,097 - httpx - INFO - HTTP Request: POST https://api.telegram.org/bot8900982200:AAF6043fYJm81KphTsgNFwSLRewh-53owyA/getUpdates "HTTP/1.1 200 OK"
2026-07-19 20:12:37,309 - httpx - INFO - HTTP Request: POST https://api.telegram.org/bot8900982200:AAF6043fYJm81KphTsgNFwSLRewh-53owyA/getUpdates "HTTP/1.1 200 OK"
2026-07-19 20:12:47,573 - httpx - INFO - HTTP Request: POST https://api.telegram.org/bot8900982200:AAF6043fYJm81KphTsgNFwSLRewh-53owyA/getUpdates "HTTP/1.1 200 OK"
2026-07-19 20:12:57,787 - httpx - INFO - HTTP Request: POST https://api.telegram.org/bot8900982200:AAF6043fYJm81KphTsgNFwSLRewh-53owyA/getUpdates "HTTP/1.1 200 OK"
2026-07-19 20:13:08,007 - httpx - INFO - HTTP Request: POST https://api.telegram.org/bot8900982200:AAF6043fYJm81KphTsgNFwSLRewh-53owyA/getUpdates "HTTP/1.1 200 OK"
2026-07-19 20:13:18,220 - httpx - INFO - HTTP Request: POST https://api.telegram.org/bot8900982200:AAF6043fYJm81KphTsgNFwSLRewh-53owyA/getUpdates "HTTP/1.1 200 OK"
2026-07-19 20:13:28,431 - httpx - INFO - HTTP Request: POST https://api.telegram.org/bot8900982200:AAF6043fYJm81KphTsgNFwSLRewh-53owyA/getUpdates "HTTP/1.1 200 OK"
2026-07-19 20:13:38,649 - httpx - INFO - HTTP Request: POST https://api.telegram.org/bot8900982200:AAF6043fYJm81KphTsgNFwSLRewh-53owyA/getUpdates "HTTP/1.1 200 OK"
2026-07-19 20:13:48,860 - httpx - INFO - HTTP Request: POST https://api.telegram.org/bot8900982200:AAF6043fYJm81KphTsgNFwSLRewh-53owyA/getUpdates "HTTP/1.1 200 OK"
2026-07-19 20:13:59,073 - httpx - INFO - HTTP Request: POST https://api.telegram.org/bot8900982200:AAF6043fYJm81KphTsgNFwSLRewh-53owyA/getUpdates "HTTP/1.1 200 OK"
2026-07-19 20:14:09,291 - httpx - INFO - HTTP Request: POST https://api.telegram.org/bot8900982200:AAF6043fYJm81KphTsgNFwSLRewh-53owyA/getUpdates "HTTP/1.1 200 OK"
2026-07-19 20:14:19,506 - httpx - INFO - HTTP Request: POST https://api.telegram.org/bot8900982200:AAF6043fYJm81KphTsgNFwSLRewh-53owyA/getUpdates "HTTP/1.1 200 OK"
2026-07-19 20:14:29,717 - httpx - INFO - HTTP Request: POST https://api.telegram.org/bot8900982200:AAF6043fYJm81KphTsgNFwSLRewh-53owyA/getUpdates "HTTP/1.1 200 OK"
2026-07-19 20:14:39,948 - httpx - INFO - HTTP Request: POST https://api.telegram.org/bot8900982200:AAF6043fYJm81KphTsgNFwSLRewh-53owyA/getUpdates "HTTP/1.1 200 OK"
2026-07-19 20:14:50,183 - httpx - INFO - HTTP Request: POST https://api.telegram.org/bot8900982200:AAF6043fYJm81KphTsgNFwSLRewh-53owyA/getUpdates "HTTP/1.1 200 OK"
2026-07-19 20:15:00,427 - httpx - INFO - HTTP Request: POST https://api.telegram.org/bot8900982200:AAF6043fYJm81KphTsgNFwSLRewh-53owyA/getUpdates "HTTP/1.1 200 OK"
2026-07-19 20:15:02,774 - httpx - INFO - HTTP Request: POST https://api.telegram.org/bot8900982200:AAF6043fYJm81KphTsgNFwSLRewh-53owyA/getUpdates "HTTP/1.1 200 OK"
2026-07-19 20:15:03,551 - httpx - INFO - HTTP Request: POST https://api.telegram.org/bot8900982200:AAF6043fYJm81KphTsgNFwSLRewh-53owyA/sendMessage "HTTP/1.1 200 OK"
2026-07-19 20:15:13,002 - httpx - INFO - HTTP Request: POST https://api.telegram.org/bot8900982200:AAF6043fYJm81KphTsgNFwSLRewh-53owyA/getUpdates "HTTP/1.1 200 OK"
2026-07-19 20:15:23,225 - httpx - INFO - HTTP Request: POST https://api.telegram.org/bot8900982200:AAF6043fYJm81KphTsgNFwSLRewh-53owyA/getUpdates "HTTP/1.1 200 OK"
2026-07-19 20:15:26,150 - httpx - INFO - HTTP Request: POST https://api.telegram.org/bot8900982200:AAF6043fYJm81KphTsgNFwSLRewh-53owyA/getUpdates "HTTP/1.1 200 OK"
2026-07-19 20:15:26,157 - __main__ - INFO - Usuário: Quanto cobra em pacoças, 10 pacoças numa caixa de custo 3
2026-07-19 20:15:27,443 - httpx - INFO - HTTP Request: POST https://api.telegram.org/bot8900982200:AAF6043fYJm81KphTsgNFwSLRewh-53owyA/sendMessage "HTTP/1.1 200 OK"
2026-07-19 20:15:36,897 - httpx - INFO - HTTP Request: POST https://api.telegram.org/bot8900982200:AAF6043fYJm81KphTsgNFwSLRewh-53owyA/getUpdates "HTTP/1.1 200 OK"
2026-07-19 20:15:38,587 - httpx - INFO - HTTP Request: POST https://api.telegram.org/bot8900982200:AAF6043fYJm81KphTsgNFwSLRewh-53owyA/getUpdates "HTTP/1.1 200 OK"
2026-07-19 20:15:38,596 - __main__ - INFO - Usuário: Eu comprei
2026-07-19 20:15:40,037 - httpx - INFO - HTTP Request: POST https://api.telegram.org/bot8900982200:AAF6043fYJm81KphTsgNFwSLRewh-53owyA/sendMessage "HTTP/1.1 200 OK"
2026-07-19 20:15:49,471 - httpx - INFO - HTTP Request: POST https://api.telegram.org/bot8900982200:AAF6043fYJm81KphTsgNFwSLRewh-53owyA/getUpdates "HTTP/1.1 200 OK"
2026-07-19 20:15:51,057 - httpx - INFO - HTTP Request: POST https://api.telegram.org/bot8900982200:AAF6043fYJm81KphTsgNFwSLRewh-53owyA/getUpdates "HTTP/1.1 200 OK"
2026-07-19 20:15:51,068 - __main__ - INFO - Usuário: uma unidade
2026-07-19 20:15:52,397 - httpx - INFO - HTTP Request: POST https://api.telegram.org/bot8900982200:AAF6043fYJm81KphTsgNFwSLRewh-53owyA/sendMessage "HTTP/1.1 200 OK"
2026-07-19 20:16:01,850 - httpx - INFO - HTTP Request: POST https://api.telegram.org/bot8900982200:AAF6043fYJm81KphTsgNFwSLRewh-53owyA/getUpdates "HTTP/1.1 200 OK"
2026-07-19 20:16:08,703 - httpx - INFO - HTTP Request: POST https://api.telegram.org/bot8900982200:AAF6043fYJm81KphTsgNFwSLRewh-53owyA/getUpdates "HTTP/1.1 200 OK"
2026-07-19 20:16:08,712 - __main__ - INFO - Usuário: /admin
2026-07-19 20:16:09,989 - httpx - INFO - HTTP Request: POST https://api.telegram.org/bot8900982200:AAF6043fYJm81KphTsgNFwSLRewh-53owyA/sendMessage "HTTP/1.1 200 OK"
2026-07-19 20:16:19,449 - httpx - INFO - HTTP Request: POST https://api.telegram.org/bot8900982200:AAF6043fYJm81KphTsgNFwSLRewh-53owyA/getUpdates "HTTP/1.1 200 OK"
2026-07-19 20:16:29,667 - httpx - INFO - HTTP Request: POST https://api.telegram.org/bot8900982200:AAF6043fYJm81KphTsgNFwSLRewh-53owyA/getUpdates "HTTP/1.1 200 OK"
2026-07-19 20:16:39,886 - httpx - INFO - HTTP Request: POST https://api.telegram.org/bot8900982200:AAF6043fYJm81KphTsgNFwSLRewh-53owyA/getUpdates "HTTP/1.1 200 OK"
2026-07-19 20:16:50,105 - httpx - INFO - HTTP Request: POST https://api.telegram.org/bot8900982200:AAF6043fYJm81KphTsgNFwSLRewh-53owyA/getUpdates "HTTP/1.1 200 OK"
2026-07-19 20:16:52,007 - httpx - INFO - HTTP Request: POST https://api.telegram.org/bot8900982200:AAF6043fYJm81KphTsgNFwSLRewh-53owyA/getMe "HTTP/1.1 200 OK"
2026-07-19 20:16:52,224 - httpx - INFO - HTTP Request: POST https://api.telegram.org/bot8900982200:AAF6043fYJm81KphTsgNFwSLRewh-53owyA/deleteWebhook "HTTP/1.1 200 OK"
2026-07-19 20:16:52,241 - telegram.ext.Application - INFO - Application started
2026-07-19 20:16:52,863 - httpx - INFO - HTTP Request: POST https://api.telegram.org/bot8900982200:AAF6043fYJm81KphTsgNFwSLRewh-53owyA/getUpdates "HTTP/1.1 409 Conflict"
2026-07-19 20:16:52,875 - telegram.ext.Application - ERROR - No error handlers are registered, logging exception.
Traceback (most recent call last):
  File "C:\Users\bueno\MeuCaderninhoBot\venv\Lib\site-packages\telegram\ext\_utils\networkloop.py", line 161, in network_retry_loop
    await do_action()
  File "C:\Users\bueno\MeuCaderninhoBot\venv\Lib\site-packages\telegram\ext\_utils\networkloop.py", line 154, in do_action
    action_cb_task.result()
    ~~~~~~~~~~~~~~~~~~~~~^^
  File "C:\Users\bueno\MeuCaderninhoBot\venv\Lib\site-packages\telegram\ext\_updater.py", line 340, in polling_action_cb
    updates = await self.bot.get_updates(
              ^^^^^^^^^^^^^^^^^^^^^^^^^^^
    ...<3 lines>...
    )
    ^
  File "C:\Users\bueno\MeuCaderninhoBot\venv\Lib\site-packages\telegram\ext\_extbot.py", line 680, in get_updates
    updates = await super().get_updates(
              ^^^^^^^^^^^^^^^^^^^^^^^^^^
    ...<9 lines>...
    )
    ^
  File "C:\Users\bueno\MeuCaderninhoBot\venv\Lib\site-packages\telegram\_bot.py", line 4767, in get_updates
    await self._post(
    ^^^^^^^^^^^^^^^^^
    ...<7 lines>...
    ),
    ^
  File "C:\Users\bueno\MeuCaderninhoBot\venv\Lib\site-packages\telegram\_bot.py", line 712, in _post
    return await self._do_post(
           ^^^^^^^^^^^^^^^^^^^^
    ...<6 lines>...
    )
    ^
  File "C:\Users\bueno\MeuCaderninhoBot\venv\Lib\site-packages\telegram\ext\_extbot.py", line 378, in _do_post
    return await super()._do_post(
           ^^^^^^^^^^^^^^^^^^^^^^^
    ...<6 lines>...
    )
    ^
  File "C:\Users\bueno\MeuCaderninhoBot\venv\Lib\site-packages\telegram\_bot.py", line 741, in _do_post
    result = await request.post(
             ^^^^^^^^^^^^^^^^^^^
    ...<6 lines>...
    )
    ^
  File "C:\Users\bueno\MeuCaderninhoBot\venv\Lib\site-packages\telegram\request\_baserequest.py", line 198, in post
    result = await self._request_wrapper(
             ^^^^^^^^^^^^^^^^^^^^^^^^^^^^
    ...<7 lines>...
    )
    ^
  File "C:\Users\bueno\MeuCaderninhoBot\venv\Lib\site-packages\telegram\request\_baserequest.py", line 375, in _request_wrapper
    raise exception
telegram.error.Conflict: Conflict: terminated by other getUpdates request; make sure that only one bot instance is running
2026-07-19 20:16:57,095 - httpx - INFO - HTTP Request: POST https://api.telegram.org/bot8900982200:AAF6043fYJm81KphTsgNFwSLRewh-53owyA/getUpdates "HTTP/1.1 409 Conflict"
2026-07-19 20:16:57,104 - telegram.ext.Application - ERROR - No error handlers are registered, logging exception.
Traceback (most recent call last):
  File "C:\Users\bueno\AdminBot\venv\Lib\site-packages\telegram\ext\_utils\networkloop.py", line 161, in network_retry_loop
    await do_action()
  File "C:\Users\bueno\AdminBot\venv\Lib\site-packages\telegram\ext\_utils\networkloop.py", line 154, in do_action
    action_cb_task.result()
    ~~~~~~~~~~~~~~~~~~~~~^^
  File "C:\Users\bueno\AdminBot\venv\Lib\site-packages\telegram\ext\_updater.py", line 340, in polling_action_cb
    updates = await self.bot.get_updates(
              ^^^^^^^^^^^^^^^^^^^^^^^^^^^
    ...<3 lines>...
    )
    ^
  File "C:\Users\bueno\AdminBot\venv\Lib\site-packages\telegram\ext\_extbot.py", line 680, in get_updates
    updates = await super().get_updates(
              ^^^^^^^^^^^^^^^^^^^^^^^^^^
    ...<9 lines>...
    )
    ^
  File "C:\Users\bueno\AdminBot\venv\Lib\site-packages\telegram\_bot.py", line 4767, in get_updates
    await self._post(
    ^^^^^^^^^^^^^^^^^
    ...<7 lines>...
    ),
    ^
  File "C:\Users\bueno\AdminBot\venv\Lib\site-packages\telegram\_bot.py", line 712, in _post
    return await self._do_post(
           ^^^^^^^^^^^^^^^^^^^^
    ...<6 lines>...
    )
    ^
  File "C:\Users\bueno\AdminBot\venv\Lib\site-packages\telegram\ext\_extbot.py", line 378, in _do_post
    return await super()._do_post(
           ^^^^^^^^^^^^^^^^^^^^^^^
    ...<6 lines>...
    )
    ^
  File "C:\Users\bueno\AdminBot\venv\Lib\site-packages\telegram\_bot.py", line 741, in _do_post
    result = await request.post(
             ^^^^^^^^^^^^^^^^^^^
    ...<6 lines>...
    )
    ^
  File "C:\Users\bueno\AdminBot\venv\Lib\site-packages\telegram\request\_baserequest.py", line 198, in post
    result = await self._request_wrapper(
             ^^^^^^^^^^^^^^^^^^^^^^^^^^^^
    ...<7 lines>...
    )
    ^
  File "C:\Users\bueno\AdminBot\venv\Lib\site-packages\telegram\request\_baserequest.py", line 375, in _request_wrapper
    raise exception
telegram.error.Conflict: Conflict: terminated by other getUpdates request; make sure that only one bot instance is running
2026-07-19 20:16:58,313 - httpx - INFO - HTTP Request: POST https://api.telegram.org/bot8900982200:AAF6043fYJm81KphTsgNFwSLRewh-53owyA/getUpdates "HTTP/1.1 409 Conflict"
2026-07-19 20:16:58,325 - telegram.ext.Application - ERROR - No error handlers are registered, logging exception.
Traceback (most recent call last):
  File "C:\Users\bueno\MeuCaderninhoBot\venv\Lib\site-packages\telegram\ext\_utils\networkloop.py", line 161, in network_retry_loop
    await do_action()
  File "C:\Users\bueno\MeuCaderninhoBot\venv\Lib\site-packages\telegram\ext\_utils\networkloop.py", line 154, in do_action
    action_cb_task.result()
    ~~~~~~~~~~~~~~~~~~~~~^^
  File "C:\Users\bueno\MeuCaderninhoBot\venv\Lib\site-packages\telegram\ext\_updater.py", line 340, in polling_action_cb
    updates = await self.bot.get_updates(
              ^^^^^^^^^^^^^^^^^^^^^^^^^^^
    ...<3 lines>...
    )
    ^
  File "C:\Users\bueno\MeuCaderninhoBot\venv\Lib\site-packages\telegram\ext\_extbot.py", line 680, in get_updates
    updates = await super().get_updates(
              ^^^^^^^^^^^^^^^^^^^^^^^^^^
    ...<9 lines>...
    )
    ^
  File "C:\Users\bueno\MeuCaderninhoBot\venv\Lib\site-packages\telegram\_bot.py", line 4767, in get_updates
    await self._post(
    ^^^^^^^^^^^^^^^^^
    ...<7 lines>...
    ),
    ^
  File "C:\Users\bueno\MeuCaderninhoBot\venv\Lib\site-packages\telegram\_bot.py", line 712, in _post
    return await self._do_post(
           ^^^^^^^^^^^^^^^^^^^^
    ...<6 lines>...
    )
    ^
  File "C:\Users\bueno\MeuCaderninhoBot\venv\Lib\site-packages\telegram\ext\_extbot.py", line 378, in _do_post
    return await super()._do_post(
           ^^^^^^^^^^^^^^^^^^^^^^^
    ...<6 lines>...
    )
    ^
  File "C:\Users\bueno\MeuCaderninhoBot\venv\Lib\site-packages\telegram\_bot.py", line 741, in _do_post
    result = await request.post(
             ^^^^^^^^^^^^^^^^^^^
    ...<6 lines>...
    )
    ^
  File "C:\Users\bueno\MeuCaderninhoBot\venv\Lib\site-packages\telegram\request\_baserequest.py", line 198, in post
    result = await self._request_wrapper(
             ^^^^^^^^^^^^^^^^^^^^^^^^^^^^
    ...<7 lines>...
    )
    ^
  File "C:\Users\bueno\MeuCaderninhoBot\venv\Lib\site-packages\telegram\request\_baserequest.py", line 375, in _request_wrapper
    raise exception
telegram.error.Conflict: Conflict: terminated by other getUpdates request; make sure that only one bot instance is running
2026-07-19 20:17:01,413 - httpx - INFO - HTTP Request: POST https://api.telegram.org/bot8900982200:AAF6043fYJm81KphTsgNFwSLRewh-53owyA/getUpdates "HTTP/1.1 200 OK"
2026-07-19 20:17:03,148 - httpx - INFO - HTTP Request: POST https://api.telegram.org/bot8900982200:AAF6043fYJm81KphTsgNFwSLRewh-53owyA/getUpdates "HTTP/1.1 409 Conflict"
2026-07-19 20:17:03,161 - telegram.ext.Application - ERROR - No error handlers are registered, logging exception.
Traceback (most recent call last):
  File "C:\Users\bueno\AdminBot\venv\Lib\site-packages\telegram\ext\_utils\networkloop.py", line 161, in network_retry_loop
    await do_action()
  File "C:\Users\bueno\AdminBot\venv\Lib\site-packages\telegram\ext\_utils\networkloop.py", line 154, in do_action
    action_cb_task.result()
    ~~~~~~~~~~~~~~~~~~~~~^^
  File "C:\Users\bueno\AdminBot\venv\Lib\site-packages\telegram\ext\_updater.py", line 340, in polling_action_cb
    updates = await self.bot.get_updates(
              ^^^^^^^^^^^^^^^^^^^^^^^^^^^
    ...<3 lines>...
    )
    ^
  File "C:\Users\bueno\AdminBot\venv\Lib\site-packages\telegram\ext\_extbot.py", line 680, in get_updates
    updates = await super().get_updates(
              ^^^^^^^^^^^^^^^^^^^^^^^^^^
    ...<9 lines>...
    )
    ^
  File "C:\Users\bueno\AdminBot\venv\Lib\site-packages\telegram\_bot.py", line 4767, in get_updates
    await self._post(
    ^^^^^^^^^^^^^^^^^
    ...<7 lines>...
    ),
    ^
  File "C:\Users\bueno\AdminBot\venv\Lib\site-packages\telegram\_bot.py", line 712, in _post
    return await self._do_post(
           ^^^^^^^^^^^^^^^^^^^^
    ...<6 lines>...
    )
    ^
  File "C:\Users\bueno\AdminBot\venv\Lib\site-packages\telegram\ext\_extbot.py", line 378, in _do_post
    return await super()._do_post(
           ^^^^^^^^^^^^^^^^^^^^^^^
    ...<6 lines>...
    )
    ^
  File "C:\Users\bueno\AdminBot\venv\Lib\site-packages\telegram\_bot.py", line 741, in _do_post
    result = await request.post(
             ^^^^^^^^^^^^^^^^^^^
    ...<6 lines>...
    )
    ^
  File "C:\Users\bueno\AdminBot\venv\Lib\site-packages\telegram\request\_baserequest.py", line 198, in post
    result = await self._request_wrapper(
             ^^^^^^^^^^^^^^^^^^^^^^^^^^^^
    ...<7 lines>...
    )
    ^
  File "C:\Users\bueno\AdminBot\venv\Lib\site-packages\telegram\request\_baserequest.py", line 375, in _request_wrapper
    raise exception
telegram.error.Conflict: Conflict: terminated by other getUpdates request; make sure that only one bot instance is running
2026-07-19 20:17:04,896 - httpx - INFO - HTTP Request: POST https://api.telegram.org/bot8900982200:AAF6043fYJm81KphTsgNFwSLRewh-53owyA/getUpdates "HTTP/1.1 409 Conflict"
2026-07-19 20:17:04,905 - telegram.ext.Application - ERROR - No error handlers are registered, logging exception.
Traceback (most recent call last):
  File "C:\Users\bueno\MeuCaderninhoBot\venv\Lib\site-packages\telegram\ext\_utils\networkloop.py", line 161, in network_retry_loop
    await do_action()
  File "C:\Users\bueno\MeuCaderninhoBot\venv\Lib\site-packages\telegram\ext\_utils\networkloop.py", line 154, in do_action
    action_cb_task.result()
    ~~~~~~~~~~~~~~~~~~~~~^^
  File "C:\Users\bueno\MeuCaderninhoBot\venv\Lib\site-packages\telegram\ext\_updater.py", line 340, in polling_action_cb
    updates = await self.bot.get_updates(
              ^^^^^^^^^^^^^^^^^^^^^^^^^^^
    ...<3 lines>...
    )
    ^
  File "C:\Users\bueno\MeuCaderninhoBot\venv\Lib\site-packages\telegram\ext\_extbot.py", line 680, in get_updates
    updates = await super().get_updates(
              ^^^^^^^^^^^^^^^^^^^^^^^^^^
    ...<9 lines>...
    )
    ^
  File "C:\Users\bueno\MeuCaderninhoBot\venv\Lib\site-packages\telegram\_bot.py", line 4767, in get_updates
    await self._post(
    ^^^^^^^^^^^^^^^^^
    ...<7 lines>...
    ),
    ^
  File "C:\Users\bueno\MeuCaderninhoBot\venv\Lib\site-packages\telegram\_bot.py", line 712, in _post
    return await self._do_post(
           ^^^^^^^^^^^^^^^^^^^^
    ...<6 lines>...
    )
    ^
  File "C:\Users\bueno\MeuCaderninhoBot\venv\Lib\site-packages\telegram\ext\_extbot.py", line 378, in _do_post
    return await super()._do_post(
           ^^^^^^^^^^^^^^^^^^^^^^^
    ...<6 lines>...
    )
    ^
  File "C:\Users\bueno\MeuCaderninhoBot\venv\Lib\site-packages\telegram\_bot.py", line 741, in _do_post
    result = await request.post(
             ^^^^^^^^^^^^^^^^^^^
    ...<6 lines>...
    )
    ^
  File "C:\Users\bueno\MeuCaderninhoBot\venv\Lib\site-packages\telegram\request\_baserequest.py", line 198, in post
    result = await self._request_wrapper(
             ^^^^^^^^^^^^^^^^^^^^^^^^^^^^
    ...<7 lines>...
    )
    ^
  File "C:\Users\bueno\MeuCaderninhoBot\venv\Lib\site-packages\telegram\request\_baserequest.py", line 375, in _request_wrapper
    raise exception
telegram.error.Conflict: Conflict: terminated by other getUpdates request; make sure that only one bot instance is running
2026-07-19 20:17:09,131 - httpx - INFO - HTTP Request: POST https://api.telegram.org/bot8900982200:AAF6043fYJm81KphTsgNFwSLRewh-53owyA/getUpdates "HTTP/1.1 409 Conflict"
2026-07-19 20:17:09,140 - telegram.ext.Application - ERROR - No error handlers are registered, logging exception.
Traceback (most recent call last):
  File "C:\Users\bueno\AdminBot\venv\Lib\site-packages\telegram\ext\_utils\networkloop.py", line 161, in network_retry_loop
    await do_action()
  File "C:\Users\bueno\AdminBot\venv\Lib\site-packages\telegram\ext\_utils\networkloop.py", line 154, in do_action
    action_cb_task.result()
    ~~~~~~~~~~~~~~~~~~~~~^^
  File "C:\Users\bueno\AdminBot\venv\Lib\site-packages\telegram\ext\_updater.py", line 340, in polling_action_cb
    updates = await self.bot.get_updates(
              ^^^^^^^^^^^^^^^^^^^^^^^^^^^
    ...<3 lines>...
    )
    ^
  File "C:\Users\bueno\AdminBot\venv\Lib\site-packages\telegram\ext\_extbot.py", line 680, in get_updates
    updates = await super().get_updates(
              ^^^^^^^^^^^^^^^^^^^^^^^^^^
    ...<9 lines>...
    )
    ^
  File "C:\Users\bueno\AdminBot\venv\Lib\site-packages\telegram\_bot.py", line 4767, in get_updates
    await self._post(
    ^^^^^^^^^^^^^^^^^
    ...<7 lines>...
    ),
    ^
  File "C:\Users\bueno\AdminBot\venv\Lib\site-packages\telegram\_bot.py", line 712, in _post
    return await self._do_post(
           ^^^^^^^^^^^^^^^^^^^^
    ...<6 lines>...
    )
    ^
  File "C:\Users\bueno\AdminBot\venv\Lib\site-packages\telegram\ext\_extbot.py", line 378, in _do_post
    return await super()._do_post(
           ^^^^^^^^^^^^^^^^^^^^^^^
    ...<6 lines>...
    )
    ^
  File "C:\Users\bueno\AdminBot\venv\Lib\site-packages\telegram\_bot.py", line 741, in _do_post
    result = await request.post(
             ^^^^^^^^^^^^^^^^^^^
    ...<6 lines>...
    )
    ^
  File "C:\Users\bueno\AdminBot\venv\Lib\site-packages\telegram\request\_baserequest.py", line 198, in post
    result = await self._request_wrapper(
             ^^^^^^^^^^^^^^^^^^^^^^^^^^^^
    ...<7 lines>...
    )
    ^
  File "C:\Users\bueno\AdminBot\venv\Lib\site-packages\telegram\request\_baserequest.py", line 375, in _request_wrapper
    raise exception
telegram.error.Conflict: Conflict: terminated by other getUpdates request; make sure that only one bot instance is running
2026-07-19 20:17:11,610 - httpx - INFO - HTTP Request: POST https://api.telegram.org/bot8900982200:AAF6043fYJm81KphTsgNFwSLRewh-53owyA/getUpdates "HTTP/1.1 409 Conflict"
2026-07-19 20:17:11,620 - telegram.ext.Application - ERROR - No error handlers are registered, logging exception.
Traceback (most recent call last):
  File "C:\Users\bueno\MeuCaderninhoBot\venv\Lib\site-packages\telegram\ext\_utils\networkloop.py", line 161, in network_retry_loop
    await do_action()
  File "C:\Users\bueno\MeuCaderninhoBot\venv\Lib\site-packages\telegram\ext\_utils\networkloop.py", line 154, in do_action
    action_cb_task.result()
    ~~~~~~~~~~~~~~~~~~~~~^^
  File "C:\Users\bueno\MeuCaderninhoBot\venv\Lib\site-packages\telegram\ext\_updater.py", line 340, in polling_action_cb
    updates = await self.bot.get_updates(
              ^^^^^^^^^^^^^^^^^^^^^^^^^^^
    ...<3 lines>...
    )
    ^
  File "C:\Users\bueno\MeuCaderninhoBot\venv\Lib\site-packages\telegram\ext\_extbot.py", line 680, in get_updates
    updates = await super().get_updates(
              ^^^^^^^^^^^^^^^^^^^^^^^^^^
    ...<9 lines>...
    )
    ^
  File "C:\Users\bueno\MeuCaderninhoBot\venv\Lib\site-packages\telegram\_bot.py", line 4767, in get_updates
    await self._post(
    ^^^^^^^^^^^^^^^^^
    ...<7 lines>...
    ),
    ^
  File "C:\Users\bueno\MeuCaderninhoBot\venv\Lib\site-packages\telegram\_bot.py", line 712, in _post
    return await self._do_post(
           ^^^^^^^^^^^^^^^^^^^^
    ...<6 lines>...
    )
    ^
  File "C:\Users\bueno\MeuCaderninhoBot\venv\Lib\site-packages\telegram\ext\_extbot.py", line 378, in _do_post
    return await super()._do_post(
           ^^^^^^^^^^^^^^^^^^^^^^^
    ...<6 lines>...
    )
    ^
  File "C:\Users\bueno\MeuCaderninhoBot\venv\Lib\site-packages\telegram\_bot.py", line 741, in _do_post
    result = await request.post(
             ^^^^^^^^^^^^^^^^^^^
    ...<6 lines>...
    )
    ^
  File "C:\Users\bueno\MeuCaderninhoBot\venv\Lib\site-packages\telegram\request\_baserequest.py", line 198, in post
    result = await self._request_wrapper(
             ^^^^^^^^^^^^^^^^^^^^^^^^^^^^
    ...<7 lines>...
    )
    ^
  File "C:\Users\bueno\MeuCaderninhoBot\venv\Lib\site-packages\telegram\request\_baserequest.py", line 375, in _request_wrapper
    raise exception
telegram.error.Conflict: Conflict: terminated by other getUpdates request; make sure that only one bot instance is running
2026-07-19 20:17:14,910 - httpx - INFO - HTTP Request: POST https://api.telegram.org/bot8900982200:AAF6043fYJm81KphTsgNFwSLRewh-53owyA/getUpdates "HTTP/1.1 200 OK"
2026-07-19 20:17:15,746 - httpx - INFO - HTTP Request: POST https://api.telegram.org/bot8900982200:AAF6043fYJm81KphTsgNFwSLRewh-53owyA/sendMessage "HTTP/1.1 200 OK"
2026-07-19 20:17:16,340 - httpx - INFO - HTTP Request: POST https://api.telegram.org/bot8900982200:AAF6043fYJm81KphTsgNFwSLRewh-53owyA/getUpdates "HTTP/1.1 409 Conflict"
2026-07-19 20:17:16,358 - telegram.ext.Application - ERROR - No error handlers are registered, logging exception.
Traceback (most recent call last):
  File "C:\Users\bueno\AdminBot\venv\Lib\site-packages\telegram\ext\_utils\networkloop.py", line 161, in network_retry_loop
    await do_action()
  File "C:\Users\bueno\AdminBot\venv\Lib\site-packages\telegram\ext\_utils\networkloop.py", line 154, in do_action
    action_cb_task.result()
    ~~~~~~~~~~~~~~~~~~~~~^^
  File "C:\Users\bueno\AdminBot\venv\Lib\site-packages\telegram\ext\_updater.py", line 340, in polling_action_cb
    updates = await self.bot.get_updates(
              ^^^^^^^^^^^^^^^^^^^^^^^^^^^
    ...<3 lines>...
    )
    ^
  File "C:\Users\bueno\AdminBot\venv\Lib\site-packages\telegram\ext\_extbot.py", line 680, in get_updates
    updates = await super().get_updates(
              ^^^^^^^^^^^^^^^^^^^^^^^^^^
    ...<9 lines>...
    )
    ^
  File "C:\Users\bueno\AdminBot\venv\Lib\site-packages\telegram\_bot.py", line 4767, in get_updates
    await self._post(
    ^^^^^^^^^^^^^^^^^
    ...<7 lines>...
    ),
    ^
  File "C:\Users\bueno\AdminBot\venv\Lib\site-packages\telegram\_bot.py", line 712, in _post
    return await self._do_post(
           ^^^^^^^^^^^^^^^^^^^^
    ...<6 lines>...
    )
    ^
  File "C:\Users\bueno\AdminBot\venv\Lib\site-packages\telegram\ext\_extbot.py", line 378, in _do_post
    return await super()._do_post(
           ^^^^^^^^^^^^^^^^^^^^^^^
    ...<6 lines>...
    )
    ^
  File "C:\Users\bueno\AdminBot\venv\Lib\site-packages\telegram\_bot.py", line 741, in _do_post
    result = await request.post(
             ^^^^^^^^^^^^^^^^^^^
    ...<6 lines>...
    )
    ^
  File "C:\Users\bueno\AdminBot\venv\Lib\site-packages\telegram\request\_baserequest.py", line 198, in post
    result = await self._request_wrapper(
             ^^^^^^^^^^^^^^^^^^^^^^^^^^^^
    ...<7 lines>...
    )
    ^
  File "C:\Users\bueno\AdminBot\venv\Lib\site-packages\telegram\request\_baserequest.py", line 375, in _request_wrapper
    raise exception
telegram.error.Conflict: Conflict: terminated by other getUpdates request; make sure that only one bot instance is running
2026-07-19 20:17:18,619 - httpx - INFO - HTTP Request: POST https://api.telegram.org/bot8900982200:AAF6043fYJm81KphTsgNFwSLRewh-53owyA/getUpdates "HTTP/1.1 200 OK"
2026-07-19 20:17:18,633 - __main__ - INFO - Usuário: oi
2026-07-19 20:17:19,487 - httpx - INFO - HTTP Request: POST https://api.telegram.org/bot8900982200:AAF6043fYJm81KphTsgNFwSLRewh-53owyA/sendMessage "HTTP/1.1 200 OK"
2026-07-19 20:17:19,945 - httpx - INFO - HTTP Request: POST https://api.telegram.org/bot8900982200:AAF6043fYJm81KphTsgNFwSLRewh-53owyA/getUpdates "HTTP/1.1 409 Conflict"
2026-07-19 20:17:19,953 - telegram.ext.Application - ERROR - No error handlers are registered, logging exception.
Traceback (most recent call last):
  File "C:\Users\bueno\MeuCaderninhoBot\venv\Lib\site-packages\telegram\ext\_utils\networkloop.py", line 161, in network_retry_loop
    await do_action()
  File "C:\Users\bueno\MeuCaderninhoBot\venv\Lib\site-packages\telegram\ext\_utils\networkloop.py", line 154, in do_action
    action_cb_task.result()
    ~~~~~~~~~~~~~~~~~~~~~^^
  File "C:\Users\bueno\MeuCaderninhoBot\venv\Lib\site-packages\telegram\ext\_updater.py", line 340, in polling_action_cb
    updates = await self.bot.get_updates(
              ^^^^^^^^^^^^^^^^^^^^^^^^^^^
    ...<3 lines>...
    )
    ^
  File "C:\Users\bueno\MeuCaderninhoBot\venv\Lib\site-packages\telegram\ext\_extbot.py", line 680, in get_updates
    updates = await super().get_updates(
              ^^^^^^^^^^^^^^^^^^^^^^^^^^
    ...<9 lines>...
    )
    ^
  File "C:\Users\bueno\MeuCaderninhoBot\venv\Lib\site-packages\telegram\_bot.py", line 4767, in get_updates
    await self._post(
    ^^^^^^^^^^^^^^^^^
    ...<7 lines>...
    ),
    ^
  File "C:\Users\bueno\MeuCaderninhoBot\venv\Lib\site-packages\telegram\_bot.py", line 712, in _post
    return await self._do_post(
           ^^^^^^^^^^^^^^^^^^^^
    ...<6 lines>...
    )
    ^
  File "C:\Users\bueno\MeuCaderninhoBot\venv\Lib\site-packages\telegram\ext\_extbot.py", line 378, in _do_post
    return await super()._do_post(
           ^^^^^^^^^^^^^^^^^^^^^^^
    ...<6 lines>...
    )
    ^
  File "C:\Users\bueno\MeuCaderninhoBot\venv\Lib\site-packages\telegram\_bot.py", line 741, in _do_post
    result = await request.post(
             ^^^^^^^^^^^^^^^^^^^
    ...<6 lines>...
    )
    ^
  File "C:\Users\bueno\MeuCaderninhoBot\venv\Lib\site-packages\telegram\request\_baserequest.py", line 198, in post
    result = await self._request_wrapper(
             ^^^^^^^^^^^^^^^^^^^^^^^^^^^^
    ...<7 lines>...
    )
    ^
  File "C:\Users\bueno\MeuCaderninhoBot\venv\Lib\site-packages\telegram\request\_baserequest.py", line 375, in _request_wrapper
    raise exception
telegram.error.Conflict: Conflict: terminated by other getUpdates request; make sure that only one bot instance is running
2026-07-19 20:17:24,167 - httpx - INFO - HTTP Request: POST https://api.telegram.org/bot8900982200:AAF6043fYJm81KphTsgNFwSLRewh-53owyA/getUpdates "HTTP/1.1 409 Conflict"
2026-07-19 20:17:24,176 - telegram.ext.Application - ERROR - No error handlers are registered, logging exception.
Traceback (most recent call last):
  File "C:\Users\bueno\AdminBot\venv\Lib\site-packages\telegram\ext\_utils\networkloop.py", line 161, in network_retry_loop
    await do_action()
  File "C:\Users\bueno\AdminBot\venv\Lib\site-packages\telegram\ext\_utils\networkloop.py", line 154, in do_action
    action_cb_task.result()
    ~~~~~~~~~~~~~~~~~~~~~^^
  File "C:\Users\bueno\AdminBot\venv\Lib\site-packages\telegram\ext\_updater.py", line 340, in polling_action_cb
    updates = await self.bot.get_updates(
              ^^^^^^^^^^^^^^^^^^^^^^^^^^^
    ...<3 lines>...
    )
    ^
  File "C:\Users\bueno\AdminBot\venv\Lib\site-packages\telegram\ext\_extbot.py", line 680, in get_updates
    updates = await super().get_updates(
              ^^^^^^^^^^^^^^^^^^^^^^^^^^
    ...<9 lines>...
    )
    ^
  File "C:\Users\bueno\AdminBot\venv\Lib\site-packages\telegram\_bot.py", line 4767, in get_updates
    await self._post(
    ^^^^^^^^^^^^^^^^^
    ...<7 lines>...
    ),
    ^
  File "C:\Users\bueno\AdminBot\venv\Lib\site-packages\telegram\_bot.py", line 712, in _post
    return await self._do_post(
           ^^^^^^^^^^^^^^^^^^^^
    ...<6 lines>...
    )
    ^
  File "C:\Users\bueno\AdminBot\venv\Lib\site-packages\telegram\ext\_extbot.py", line 378, in _do_post
    return await super()._do_post(
           ^^^^^^^^^^^^^^^^^^^^^^^
    ...<6 lines>...
    )
    ^
  File "C:\Users\bueno\AdminBot\venv\Lib\site-packages\telegram\_bot.py", line 741, in _do_post
    result = await request.post(
             ^^^^^^^^^^^^^^^^^^^
    ...<6 lines>...
    )
    ^
  File "C:\Users\bueno\AdminBot\venv\Lib\site-packages\telegram\request\_baserequest.py", line 198, in post
    result = await self._request_wrapper(
             ^^^^^^^^^^^^^^^^^^^^^^^^^^^^
    ...<7 lines>...
    )
    ^
  File "C:\Users\bueno\AdminBot\venv\Lib\site-packages\telegram\request\_baserequest.py", line 375, in _request_wrapper
    raise exception
telegram.error.Conflict: Conflict: terminated by other getUpdates request; make sure that only one bot instance is running
2026-07-19 20:17:29,893 - httpx - INFO - HTTP Request: POST https://api.telegram.org/bot8900982200:AAF6043fYJm81KphTsgNFwSLRewh-53owyA/getUpdates "HTTP/1.1 409 Conflict"
2026-07-19 20:17:29,906 - telegram.ext.Application - ERROR - No error handlers are registered, logging exception.
Traceback (most recent call last):
  File "C:\Users\bueno\MeuCaderninhoBot\venv\Lib\site-packages\telegram\ext\_utils\networkloop.py", line 161, in network_retry_loop
    await do_action()
  File "C:\Users\bueno\MeuCaderninhoBot\venv\Lib\site-packages\telegram\ext\_utils\networkloop.py", line 154, in do_action
    action_cb_task.result()
    ~~~~~~~~~~~~~~~~~~~~~^^
  File "C:\Users\bueno\MeuCaderninhoBot\venv\Lib\site-packages\telegram\ext\_updater.py", line 340, in polling_action_cb
    updates = await self.bot.get_updates(
              ^^^^^^^^^^^^^^^^^^^^^^^^^^^
    ...<3 lines>...
    )
    ^
  File "C:\Users\bueno\MeuCaderninhoBot\venv\Lib\site-packages\telegram\ext\_extbot.py", line 680, in get_updates
    updates = await super().get_updates(
              ^^^^^^^^^^^^^^^^^^^^^^^^^^
    ...<9 lines>...
    )
    ^
  File "C:\Users\bueno\MeuCaderninhoBot\venv\Lib\site-packages\telegram\_bot.py", line 4767, in get_updates
    await self._post(
    ^^^^^^^^^^^^^^^^^
    ...<7 lines>...
    ),
    ^
  File "C:\Users\bueno\MeuCaderninhoBot\venv\Lib\site-packages\telegram\_bot.py", line 712, in _post
    return await self._do_post(
           ^^^^^^^^^^^^^^^^^^^^
    ...<6 lines>...
    )
    ^
  File "C:\Users\bueno\MeuCaderninhoBot\venv\Lib\site-packages\telegram\ext\_extbot.py", line 378, in _do_post
    return await super()._do_post(
           ^^^^^^^^^^^^^^^^^^^^^^^
    ...<6 lines>...
    )
    ^
  File "C:\Users\bueno\MeuCaderninhoBot\venv\Lib\site-packages\telegram\_bot.py", line 741, in _do_post
    result = await request.post(
             ^^^^^^^^^^^^^^^^^^^
    ...<6 lines>...
    )
    ^
  File "C:\Users\bueno\MeuCaderninhoBot\venv\Lib\site-packages\telegram\request\_baserequest.py", line 198, in post
    result = await self._request_wrapper(
             ^^^^^^^^^^^^^^^^^^^^^^^^^^^^
    ...<7 lines>...
    )
    ^
  File "C:\Users\bueno\MeuCaderninhoBot\venv\Lib\site-packages\telegram\request\_baserequest.py", line 375, in _request_wrapper
    raise exception
telegram.error.Conflict: Conflict: terminated by other getUpdates request; make sure that only one bot instance is running
2026-07-19 20:17:34,625 - httpx - INFO - HTTP Request: POST https://api.telegram.org/bot8900982200:AAF6043fYJm81KphTsgNFwSLRewh-53owyA/getUpdates "HTTP/1.1 409 Conflict"
2026-07-19 20:17:34,634 - telegram.ext.Application - ERROR - No error handlers are registered, logging exception.
Traceback (most recent call last):
  File "C:\Users\bueno\AdminBot\venv\Lib\site-packages\telegram\ext\_utils\networkloop.py", line 161, in network_retry_loop
    await do_action()
  File "C:\Users\bueno\AdminBot\venv\Lib\site-packages\telegram\ext\_utils\networkloop.py", line 154, in do_action
    action_cb_task.result()
    ~~~~~~~~~~~~~~~~~~~~~^^
  File "C:\Users\bueno\AdminBot\venv\Lib\site-packages\telegram\ext\_updater.py", line 340, in polling_action_cb
    updates = await self.bot.get_updates(
              ^^^^^^^^^^^^^^^^^^^^^^^^^^^
    ...<3 lines>...
    )
    ^
  File "C:\Users\bueno\AdminBot\venv\Lib\site-packages\telegram\ext\_extbot.py", line 680, in get_updates
    updates = await super().get_updates(
              ^^^^^^^^^^^^^^^^^^^^^^^^^^
    ...<9 lines>...
    )
    ^
  File "C:\Users\bueno\AdminBot\venv\Lib\site-packages\telegram\_bot.py", line 4767, in get_updates
    await self._post(
    ^^^^^^^^^^^^^^^^^
    ...<7 lines>...
    ),
    ^
  File "C:\Users\bueno\AdminBot\venv\Lib\site-packages\telegram\_bot.py", line 712, in _post
    return await self._do_post(
           ^^^^^^^^^^^^^^^^^^^^
    ...<6 lines>...
    )
    ^
  File "C:\Users\bueno\AdminBot\venv\Lib\site-packages\telegram\ext\_extbot.py", line 378, in _do_post
    return await super()._do_post(
           ^^^^^^^^^^^^^^^^^^^^^^^
    ...<6 lines>...
    )
    ^
  File "C:\Users\bueno\AdminBot\venv\Lib\site-packages\telegram\_bot.py", line 741, in _do_post
    result = await request.post(
             ^^^^^^^^^^^^^^^^^^^
    ...<6 lines>...
    )
    ^
  File "C:\Users\bueno\AdminBot\venv\Lib\site-packages\telegram\request\_baserequest.py", line 198, in post
    result = await self._request_wrapper(
             ^^^^^^^^^^^^^^^^^^^^^^^^^^^^
    ...<7 lines>...
    )
    ^
  File "C:\Users\bueno\AdminBot\venv\Lib\site-packages\telegram\request\_baserequest.py", line 375, in _request_wrapper
    raise exception
telegram.error.Conflict: Conflict: terminated by other getUpdates request; make sure that only one bot instance is running
2026-07-19 20:17:41,625 - httpx - INFO - HTTP Request: POST https://api.telegram.org/bot8900982200:AAF6043fYJm81KphTsgNFwSLRewh-53owyA/getUpdates "HTTP/1.1 200 OK"
2026-07-19 20:17:42,395 - httpx - INFO - HTTP Request: POST https://api.telegram.org/bot8900982200:AAF6043fYJm81KphTsgNFwSLRewh-53owyA/getUpdates "HTTP/1.1 200 OK"
2026-07-19 20:17:42,400 - __main__ - INFO - Usuário: Quanto cobrar em um bolo de 1 quilo, custou 10 reais e 20 minutos
2026-07-19 20:17:42,875 - httpx - INFO - HTTP Request: POST https://api.telegram.org/bot8900982200:AAF6043fYJm81KphTsgNFwSLRewh-53owyA/getUpdates "HTTP/1.1 200 OK"
2026-07-19 20:17:44,130 - httpx - INFO - HTTP Request: POST https://api.telegram.org/bot8900982200:AAF6043fYJm81KphTsgNFwSLRewh-53owyA/sendMessage "HTTP/1.1 200 OK"
2026-07-19 20:17:44,146 - httpx - INFO - HTTP Request: POST https://api.telegram.org/bot8900982200:AAF6043fYJm81KphTsgNFwSLRewh-53owyA/getUpdates "HTTP/1.1 409 Conflict"
2026-07-19 20:17:44,156 - telegram.ext.Application - ERROR - No error handlers are registered, logging exception.
Traceback (most recent call last):
  File "C:\Users\bueno\MeuCaderninhoBot\venv\Lib\site-packages\telegram\ext\_utils\networkloop.py", line 161, in network_retry_loop
    await do_action()
  File "C:\Users\bueno\MeuCaderninhoBot\venv\Lib\site-packages\telegram\ext\_utils\networkloop.py", line 154, in do_action
    action_cb_task.result()
    ~~~~~~~~~~~~~~~~~~~~~^^
  File "C:\Users\bueno\MeuCaderninhoBot\venv\Lib\site-packages\telegram\ext\_updater.py", line 340, in polling_action_cb
    updates = await self.bot.get_updates(
              ^^^^^^^^^^^^^^^^^^^^^^^^^^^
    ...<3 lines>...
    )
    ^
  File "C:\Users\bueno\MeuCaderninhoBot\venv\Lib\site-packages\telegram\ext\_extbot.py", line 680, in get_updates
    updates = await super().get_updates(
              ^^^^^^^^^^^^^^^^^^^^^^^^^^
    ...<9 lines>...
    )
    ^
  File "C:\Users\bueno\MeuCaderninhoBot\venv\Lib\site-packages\telegram\_bot.py", line 4767, in get_updates
    await self._post(
    ^^^^^^^^^^^^^^^^^
    ...<7 lines>...
    ),
    ^
  File "C:\Users\bueno\MeuCaderninhoBot\venv\Lib\site-packages\telegram\_bot.py", line 712, in _post
    return await self._do_post(
           ^^^^^^^^^^^^^^^^^^^^
    ...<6 lines>...
    )
    ^
  File "C:\Users\bueno\MeuCaderninhoBot\venv\Lib\site-packages\telegram\ext\_extbot.py", line 378, in _do_post
    return await super()._do_post(
           ^^^^^^^^^^^^^^^^^^^^^^^
    ...<6 lines>...
    )
    ^
  File "C:\Users\bueno\MeuCaderninhoBot\venv\Lib\site-packages\telegram\_bot.py", line 741, in _do_post
    result = await request.post(
             ^^^^^^^^^^^^^^^^^^^
    ...<6 lines>...
    )
    ^
  File "C:\Users\bueno\MeuCaderninhoBot\venv\Lib\site-packages\telegram\request\_baserequest.py", line 198, in post
    result = await self._request_wrapper(
             ^^^^^^^^^^^^^^^^^^^^^^^^^^^^
    ...<7 lines>...
    )
    ^
  File "C:\Users\bueno\MeuCaderninhoBot\venv\Lib\site-packages\telegram\request\_baserequest.py", line 375, in _request_wrapper
    raise exception
telegram.error.Conflict: Conflict: terminated by other getUpdates request; make sure that only one bot instance is running
2026-07-19 20:17:44,683 - httpx - INFO - HTTP Request: POST https://api.telegram.org/bot8900982200:AAF6043fYJm81KphTsgNFwSLRewh-53owyA/sendMessage "HTTP/1.1 200 OK"
2026-07-19 20:17:48,377 - httpx - INFO - HTTP Request: POST https://api.telegram.org/bot8900982200:AAF6043fYJm81KphTsgNFwSLRewh-53owyA/getUpdates "HTTP/1.1 409 Conflict"
2026-07-19 20:17:48,389 - telegram.ext.Application - ERROR - No error handlers are registered, logging exception.
Traceback (most recent call last):
  File "C:\Users\bueno\AdminBot\venv\Lib\site-packages\telegram\ext\_utils\networkloop.py", line 161, in network_retry_loop
    await do_action()
  File "C:\Users\bueno\AdminBot\venv\Lib\site-packages\telegram\ext\_utils\networkloop.py", line 154, in do_action
    action_cb_task.result()
    ~~~~~~~~~~~~~~~~~~~~~^^
  File "C:\Users\bueno\AdminBot\venv\Lib\site-packages\telegram\ext\_updater.py", line 340, in polling_action_cb
    updates = await self.bot.get_updates(
              ^^^^^^^^^^^^^^^^^^^^^^^^^^^
    ...<3 lines>...
    )
    ^
  File "C:\Users\bueno\AdminBot\venv\Lib\site-packages\telegram\ext\_extbot.py", line 680, in get_updates
    updates = await super().get_updates(
              ^^^^^^^^^^^^^^^^^^^^^^^^^^
    ...<9 lines>...
    )
    ^
  File "C:\Users\bueno\AdminBot\venv\Lib\site-packages\telegram\_bot.py", line 4767, in get_updates
    await self._post(
    ^^^^^^^^^^^^^^^^^
    ...<7 lines>...
    ),
    ^
  File "C:\Users\bueno\AdminBot\venv\Lib\site-packages\telegram\_bot.py", line 712, in _post
    return await self._do_post(
           ^^^^^^^^^^^^^^^^^^^^
    ...<6 lines>...
    )
    ^
  File "C:\Users\bueno\AdminBot\venv\Lib\site-packages\telegram\ext\_extbot.py", line 378, in _do_post
    return await super()._do_post(
           ^^^^^^^^^^^^^^^^^^^^^^^
    ...<6 lines>...
    )
    ^
  File "C:\Users\bueno\AdminBot\venv\Lib\site-packages\telegram\_bot.py", line 741, in _do_post
    result = await request.post(
             ^^^^^^^^^^^^^^^^^^^
    ...<6 lines>...
    )
    ^
  File "C:\Users\bueno\AdminBot\venv\Lib\site-packages\telegram\request\_baserequest.py", line 198, in post
    result = await self._request_wrapper(
             ^^^^^^^^^^^^^^^^^^^^^^^^^^^^
    ...<7 lines>...
    )
    ^
  File "C:\Users\bueno\AdminBot\venv\Lib\site-packages\telegram\request\_baserequest.py", line 375, in _request_wrapper
    raise exception
telegram.error.Conflict: Conflict: terminated by other getUpdates request; make sure that only one bot instance is running
2026-07-19 20:17:49,598 - httpx - INFO - HTTP Request: POST https://api.telegram.org/bot8900982200:AAF6043fYJm81KphTsgNFwSLRewh-53owyA/getUpdates "HTTP/1.1 409 Conflict"
2026-07-19 20:17:49,606 - telegram.ext.Application - ERROR - No error handlers are registered, logging exception.
Traceback (most recent call last):
  File "C:\Users\bueno\MeuCaderninhoBot\venv\Lib\site-packages\telegram\ext\_utils\networkloop.py", line 161, in network_retry_loop
    await do_action()
  File "C:\Users\bueno\MeuCaderninhoBot\venv\Lib\site-packages\telegram\ext\_utils\networkloop.py", line 154, in do_action
    action_cb_task.result()
    ~~~~~~~~~~~~~~~~~~~~~^^
  File "C:\Users\bueno\MeuCaderninhoBot\venv\Lib\site-packages\telegram\ext\_updater.py", line 340, in polling_action_cb
    updates = await self.bot.get_updates(
              ^^^^^^^^^^^^^^^^^^^^^^^^^^^
    ...<3 lines>...
    )
    ^
  File "C:\Users\bueno\MeuCaderninhoBot\venv\Lib\site-packages\telegram\ext\_extbot.py", line 680, in get_updates
    updates = await super().get_updates(
              ^^^^^^^^^^^^^^^^^^^^^^^^^^
    ...<9 lines>...
    )
    ^
  File "C:\Users\bueno\MeuCaderninhoBot\venv\Lib\site-packages\telegram\_bot.py", line 4767, in get_updates
    await self._post(
    ^^^^^^^^^^^^^^^^^
    ...<7 lines>...
    ),
    ^
  File "C:\Users\bueno\MeuCaderninhoBot\venv\Lib\site-packages\telegram\_bot.py", line 712, in _post
    return await self._do_post(
           ^^^^^^^^^^^^^^^^^^^^
    ...<6 lines>...
    )
    ^
  File "C:\Users\bueno\MeuCaderninhoBot\venv\Lib\site-packages\telegram\ext\_extbot.py", line 378, in _do_post
    return await super()._do_post(
           ^^^^^^^^^^^^^^^^^^^^^^^
    ...<6 lines>...
    )
    ^
  File "C:\Users\bueno\MeuCaderninhoBot\venv\Lib\site-packages\telegram\_bot.py", line 741, in _do_post
    result = await request.post(
             ^^^^^^^^^^^^^^^^^^^
    ...<6 lines>...
    )
    ^
  File "C:\Users\bueno\MeuCaderninhoBot\venv\Lib\site-packages\telegram\request\_baserequest.py", line 198, in post
    result = await self._request_wrapper(
             ^^^^^^^^^^^^^^^^^^^^^^^^^^^^
    ...<7 lines>...
    )
    ^
  File "C:\Users\bueno\MeuCaderninhoBot\venv\Lib\site-packages\telegram\request\_baserequest.py", line 375, in _request_wrapper
    raise exception
telegram.error.Conflict: Conflict: terminated by other getUpdates request; make sure that only one bot instance is running
2026-07-19 20:17:54,328 - httpx - INFO - HTTP Request: POST https://api.telegram.org/bot8900982200:AAF6043fYJm81KphTsgNFwSLRewh-53owyA/getUpdates "HTTP/1.1 409 Conflict"
2026-07-19 20:17:54,341 - telegram.ext.Application - ERROR - No error handlers are registered, logging exception.
Traceback (most recent call last):
  File "C:\Users\bueno\AdminBot\venv\Lib\site-packages\telegram\ext\_utils\networkloop.py", line 161, in network_retry_loop
    await do_action()
  File "C:\Users\bueno\AdminBot\venv\Lib\site-packages\telegram\ext\_utils\networkloop.py", line 154, in do_action
    action_cb_task.result()
    ~~~~~~~~~~~~~~~~~~~~~^^
  File "C:\Users\bueno\AdminBot\venv\Lib\site-packages\telegram\ext\_updater.py", line 340, in polling_action_cb
    updates = await self.bot.get_updates(
              ^^^^^^^^^^^^^^^^^^^^^^^^^^^
    ...<3 lines>...
    )
    ^
  File "C:\Users\bueno\AdminBot\venv\Lib\site-packages\telegram\ext\_extbot.py", line 680, in get_updates
    updates = await super().get_updates(
              ^^^^^^^^^^^^^^^^^^^^^^^^^^
    ...<9 lines>...
    )
    ^
  File "C:\Users\bueno\AdminBot\venv\Lib\site-packages\telegram\_bot.py", line 4767, in get_updates
    await self._post(
    ^^^^^^^^^^^^^^^^^
    ...<7 lines>...
    ),
    ^
  File "C:\Users\bueno\AdminBot\venv\Lib\site-packages\telegram\_bot.py", line 712, in _post
    return await self._do_post(
           ^^^^^^^^^^^^^^^^^^^^
    ...<6 lines>...
    )
    ^
  File "C:\Users\bueno\AdminBot\venv\Lib\site-packages\telegram\ext\_extbot.py", line 378, in _do_post
    return await super()._do_post(
           ^^^^^^^^^^^^^^^^^^^^^^^
    ...<6 lines>...
    )
    ^
  File "C:\Users\bueno\AdminBot\venv\Lib\site-packages\telegram\_bot.py", line 741, in _do_post
    result = await request.post(
             ^^^^^^^^^^^^^^^^^^^
    ...<6 lines>...
    )
    ^
  File "C:\Users\bueno\AdminBot\venv\Lib\site-packages\telegram\request\_baserequest.py", line 198, in post
    result = await self._request_wrapper(
             ^^^^^^^^^^^^^^^^^^^^^^^^^^^^
    ...<7 lines>...
    )
    ^
  File "C:\Users\bueno\AdminBot\venv\Lib\site-packages\telegram\request\_baserequest.py", line 375, in _request_wrapper
    raise exception
telegram.error.Conflict: Conflict: terminated by other getUpdates request; make sure that only one bot instance is running
2026-07-19 20:17:56,049 - httpx - INFO - HTTP Request: POST https://api.telegram.org/bot8900982200:AAF6043fYJm81KphTsgNFwSLRewh-53owyA/getUpdates "HTTP/1.1 409 Conflict"
2026-07-19 20:17:56,058 - telegram.ext.Application - ERROR - No error handlers are registered, logging exception.
Traceback (most recent call last):
  File "C:\Users\bueno\MeuCaderninhoBot\venv\Lib\site-packages\telegram\ext\_utils\networkloop.py", line 161, in network_retry_loop
    await do_action()
  File "C:\Users\bueno\MeuCaderninhoBot\venv\Lib\site-packages\telegram\ext\_utils\networkloop.py", line 154, in do_action
    action_cb_task.result()
    ~~~~~~~~~~~~~~~~~~~~~^^
  File "C:\Users\bueno\MeuCaderninhoBot\venv\Lib\site-packages\telegram\ext\_updater.py", line 340, in polling_action_cb
    updates = await self.bot.get_updates(
              ^^^^^^^^^^^^^^^^^^^^^^^^^^^
    ...<3 lines>...
    )
    ^
  File "C:\Users\bueno\MeuCaderninhoBot\venv\Lib\site-packages\telegram\ext\_extbot.py", line 680, in get_updates
    updates = await super().get_updates(
              ^^^^^^^^^^^^^^^^^^^^^^^^^^
    ...<9 lines>...
    )
    ^
  File "C:\Users\bueno\MeuCaderninhoBot\venv\Lib\site-packages\telegram\_bot.py", line 4767, in get_updates
    await self._post(
    ^^^^^^^^^^^^^^^^^
    ...<7 lines>...
    ),
    ^
  File "C:\Users\bueno\MeuCaderninhoBot\venv\Lib\site-packages\telegram\_bot.py", line 712, in _post
    return await self._do_post(
           ^^^^^^^^^^^^^^^^^^^^
    ...<6 lines>...
    )
    ^
  File "C:\Users\bueno\MeuCaderninhoBot\venv\Lib\site-packages\telegram\ext\_extbot.py", line 378, in _do_post
    return await super()._do_post(
           ^^^^^^^^^^^^^^^^^^^^^^^
    ...<6 lines>...
    )
    ^
  File "C:\Users\bueno\MeuCaderninhoBot\venv\Lib\site-packages\telegram\_bot.py", line 741, in _do_post
    result = await request.post(
             ^^^^^^^^^^^^^^^^^^^
    ...<6 lines>...
    )
    ^
  File "C:\Users\bueno\MeuCaderninhoBot\venv\Lib\site-packages\telegram\request\_baserequest.py", line 198, in post
    result = await self._request_wrapper(
             ^^^^^^^^^^^^^^^^^^^^^^^^^^^^
    ...<7 lines>...
    )
    ^
  File "C:\Users\bueno\MeuCaderninhoBot\venv\Lib\site-packages\telegram\request\_baserequest.py", line 375, in _request_wrapper
    raise exception
telegram.error.Conflict: Conflict: terminated by other getUpdates request; make sure that only one bot instance is running
2026-07-19 20:18:01,523 - httpx - INFO - HTTP Request: POST https://api.telegram.org/bot8900982200:AAF6043fYJm81KphTsgNFwSLRewh-53owyA/getUpdates "HTTP/1.1 409 Conflict"
2026-07-19 20:18:01,529 - telegram.ext.Application - ERROR - No error handlers are registered, logging exception.
Traceback (most recent call last):
  File "C:\Users\bueno\AdminBot\venv\Lib\site-packages\telegram\ext\_utils\networkloop.py", line 161, in network_retry_loop
    await do_action()
  File "C:\Users\bueno\AdminBot\venv\Lib\site-packages\telegram\ext\_utils\networkloop.py", line 154, in do_action
    action_cb_task.result()
    ~~~~~~~~~~~~~~~~~~~~~^^
  File "C:\Users\bueno\AdminBot\venv\Lib\site-packages\telegram\ext\_updater.py", line 340, in polling_action_cb
    updates = await self.bot.get_updates(
              ^^^^^^^^^^^^^^^^^^^^^^^^^^^
    ...<3 lines>...
    )
    ^
  File "C:\Users\bueno\AdminBot\venv\Lib\site-packages\telegram\ext\_extbot.py", line 680, in get_updates
    updates = await super().get_updates(
              ^^^^^^^^^^^^^^^^^^^^^^^^^^
    ...<9 lines>...
    )
    ^
  File "C:\Users\bueno\AdminBot\venv\Lib\site-packages\telegram\_bot.py", line 4767, in get_updates
    await self._post(
    ^^^^^^^^^^^^^^^^^
    ...<7 lines>...
    ),
    ^
  File "C:\Users\bueno\AdminBot\venv\Lib\site-packages\telegram\_bot.py", line 712, in _post
    return await self._do_post(
           ^^^^^^^^^^^^^^^^^^^^
    ...<6 lines>...
    )
    ^
  File "C:\Users\bueno\AdminBot\venv\Lib\site-packages\telegram\ext\_extbot.py", line 378, in _do_post
    return await super()._do_post(
           ^^^^^^^^^^^^^^^^^^^^^^^
    ...<6 lines>...
    )
    ^
  File "C:\Users\bueno\AdminBot\venv\Lib\site-packages\telegram\_bot.py", line 741, in _do_post
    result = await request.post(
             ^^^^^^^^^^^^^^^^^^^
    ...<6 lines>...
    )
    ^
  File "C:\Users\bueno\AdminBot\venv\Lib\site-packages\telegram\request\_baserequest.py", line 198, in post
    result = await self._request_wrapper(
             ^^^^^^^^^^^^^^^^^^^^^^^^^^^^
    ...<7 lines>...
    )
    ^
  File "C:\Users\bueno\AdminBot\venv\Lib\site-packages\telegram\request\_baserequest.py", line 375, in _request_wrapper
    raise exception
telegram.error.Conflict: Conflict: terminated by other getUpdates request; make sure that only one bot instance is running
2026-07-19 20:18:02,042 - httpx - INFO - HTTP Request: POST https://api.telegram.org/bot8900982200:AAF6043fYJm81KphTsgNFwSLRewh-53owyA/getUpdates "HTTP/1.1 200 OK"
2026-07-19 20:18:03,996 - httpx - INFO - HTTP Request: POST https://api.telegram.org/bot8900982200:AAF6043fYJm81KphTsgNFwSLRewh-53owyA/getUpdates "HTTP/1.1 409 Conflict"
2026-07-19 20:18:04,007 - telegram.ext.Application - ERROR - No error handlers are registered, logging exception.
Traceback (most recent call last):
  File "C:\Users\bueno\MeuCaderninhoBot\venv\Lib\site-packages\telegram\ext\_utils\networkloop.py", line 161, in network_retry_loop
    await do_action()
  File "C:\Users\bueno\MeuCaderninhoBot\venv\Lib\site-packages\telegram\ext\_utils\networkloop.py", line 154, in do_action
    action_cb_task.result()
    ~~~~~~~~~~~~~~~~~~~~~^^
  File "C:\Users\bueno\MeuCaderninhoBot\venv\Lib\site-packages\telegram\ext\_updater.py", line 340, in polling_action_cb
    updates = await self.bot.get_updates(
              ^^^^^^^^^^^^^^^^^^^^^^^^^^^
    ...<3 lines>...
    )
    ^
  File "C:\Users\bueno\MeuCaderninhoBot\venv\Lib\site-packages\telegram\ext\_extbot.py", line 680, in get_updates
    updates = await super().get_updates(
              ^^^^^^^^^^^^^^^^^^^^^^^^^^
    ...<9 lines>...
    )
    ^
  File "C:\Users\bueno\MeuCaderninhoBot\venv\Lib\site-packages\telegram\_bot.py", line 4767, in get_updates
    await self._post(
    ^^^^^^^^^^^^^^^^^
    ...<7 lines>...
    ),
    ^
  File "C:\Users\bueno\MeuCaderninhoBot\venv\Lib\site-packages\telegram\_bot.py", line 712, in _post
    return await self._do_post(
           ^^^^^^^^^^^^^^^^^^^^
    ...<6 lines>...
    )
    ^
  File "C:\Users\bueno\MeuCaderninhoBot\venv\Lib\site-packages\telegram\ext\_extbot.py", line 378, in _do_post
    return await super()._do_post(
           ^^^^^^^^^^^^^^^^^^^^^^^
    ...<6 lines>...
    )
    ^
  File "C:\Users\bueno\MeuCaderninhoBot\venv\Lib\site-packages\telegram\_bot.py", line 741, in _do_post
    result = await request.post(
             ^^^^^^^^^^^^^^^^^^^
    ...<6 lines>...
    )
    ^
  File "C:\Users\bueno\MeuCaderninhoBot\venv\Lib\site-packages\telegram\request\_baserequest.py", line 198, in post
    result = await self._request_wrapper(
             ^^^^^^^^^^^^^^^^^^^^^^^^^^^^
    ...<7 lines>...
    )
    ^
  File "C:\Users\bueno\MeuCaderninhoBot\venv\Lib\site-packages\telegram\request\_baserequest.py", line 375, in _request_wrapper
    raise exception
telegram.error.Conflict: Conflict: terminated by other getUpdates request; make sure that only one bot instance is running
2026-07-19 20:18:08,219 - httpx - INFO - HTTP Request: POST https://api.telegram.org/bot8900982200:AAF6043fYJm81KphTsgNFwSLRewh-53owyA/getUpdates "HTTP/1.1 409 Conflict"
2026-07-19 20:18:08,227 - telegram.ext.Application - ERROR - No error handlers are registered, logging exception.
Traceback (most recent call last):
  File "C:\Users\bueno\AdminBot\venv\Lib\site-packages\telegram\ext\_utils\networkloop.py", line 161, in network_retry_loop
    await do_action()
  File "C:\Users\bueno\AdminBot\venv\Lib\site-packages\telegram\ext\_utils\networkloop.py", line 154, in do_action
    action_cb_task.result()
    ~~~~~~~~~~~~~~~~~~~~~^^
  File "C:\Users\bueno\AdminBot\venv\Lib\site-packages\telegram\ext\_updater.py", line 340, in polling_action_cb
    updates = await self.bot.get_updates(
              ^^^^^^^^^^^^^^^^^^^^^^^^^^^
    ...<3 lines>...
    )
    ^
  File "C:\Users\bueno\AdminBot\venv\Lib\site-packages\telegram\ext\_extbot.py", line 680, in get_updates
    updates = await super().get_updates(
              ^^^^^^^^^^^^^^^^^^^^^^^^^^
    ...<9 lines>...
    )
    ^
  File "C:\Users\bueno\AdminBot\venv\Lib\site-packages\telegram\_bot.py", line 4767, in get_updates
    await self._post(
    ^^^^^^^^^^^^^^^^^
    ...<7 lines>...
    ),
    ^
  File "C:\Users\bueno\AdminBot\venv\Lib\site-packages\telegram\_bot.py", line 712, in _post
    return await self._do_post(
           ^^^^^^^^^^^^^^^^^^^^
    ...<6 lines>...
    )
    ^
  File "C:\Users\bueno\AdminBot\venv\Lib\site-packages\telegram\ext\_extbot.py", line 378, in _do_post
    return await super()._do_post(
           ^^^^^^^^^^^^^^^^^^^^^^^
    ...<6 lines>...
    )
    ^
  File "C:\Users\bueno\AdminBot\venv\Lib\site-packages\telegram\_bot.py", line 741, in _do_post
    result = await request.post(
             ^^^^^^^^^^^^^^^^^^^
    ...<6 lines>...
    )
    ^
  File "C:\Users\bueno\AdminBot\venv\Lib\site-packages\telegram\request\_baserequest.py", line 198, in post
    result = await self._request_wrapper(
             ^^^^^^^^^^^^^^^^^^^^^^^^^^^^
    ...<7 lines>...
    )
    ^
  File "C:\Users\bueno\AdminBot\venv\Lib\site-packages\telegram\request\_baserequest.py", line 375, in _request_wrapper
    raise exception
telegram.error.Conflict: Conflict: terminated by other getUpdates request; make sure that only one bot instance is running
2026-07-19 20:18:11,819 - httpx - INFO - HTTP Request: POST https://api.telegram.org/bot8900982200:AAF6043fYJm81KphTsgNFwSLRewh-53owyA/getUpdates "HTTP/1.1 409 Conflict"
2026-07-19 20:18:11,827 - telegram.ext.Application - ERROR - No error handlers are registered, logging exception.
Traceback (most recent call last):
  File "C:\Users\bueno\MeuCaderninhoBot\venv\Lib\site-packages\telegram\ext\_utils\networkloop.py", line 161, in network_retry_loop
    await do_action()
  File "C:\Users\bueno\MeuCaderninhoBot\venv\Lib\site-packages\telegram\ext\_utils\networkloop.py", line 154, in do_action
    action_cb_task.result()
    ~~~~~~~~~~~~~~~~~~~~~^^
  File "C:\Users\bueno\MeuCaderninhoBot\venv\Lib\site-packages\telegram\ext\_updater.py", line 340, in polling_action_cb
    updates = await self.bot.get_updates(
              ^^^^^^^^^^^^^^^^^^^^^^^^^^^
    ...<3 lines>...
    )
    ^
  File "C:\Users\bueno\MeuCaderninhoBot\venv\Lib\site-packages\telegram\ext\_extbot.py", line 680, in get_updates
    updates = await super().get_updates(
              ^^^^^^^^^^^^^^^^^^^^^^^^^^
    ...<9 lines>...
    )
    ^
  File "C:\Users\bueno\MeuCaderninhoBot\venv\Lib\site-packages\telegram\_bot.py", line 4767, in get_updates
    await self._post(
    ^^^^^^^^^^^^^^^^^
    ...<7 lines>...
    ),
    ^
  File "C:\Users\bueno\MeuCaderninhoBot\venv\Lib\site-packages\telegram\_bot.py", line 712, in _post
    return await self._do_post(
           ^^^^^^^^^^^^^^^^^^^^
    ...<6 lines>...
    )
    ^
  File "C:\Users\bueno\MeuCaderninhoBot\venv\Lib\site-packages\telegram\ext\_extbot.py", line 378, in _do_post
    return await super()._do_post(
           ^^^^^^^^^^^^^^^^^^^^^^^
    ...<6 lines>...
    )
    ^
  File "C:\Users\bueno\MeuCaderninhoBot\venv\Lib\site-packages\telegram\_bot.py", line 741, in _do_post
    result = await request.post(
             ^^^^^^^^^^^^^^^^^^^
    ...<6 lines>...
    )
    ^
  File "C:\Users\bueno\MeuCaderninhoBot\venv\Lib\site-packages\telegram\request\_baserequest.py", line 198, in post
    result = await self._request_wrapper(
             ^^^^^^^^^^^^^^^^^^^^^^^^^^^^
    ...<7 lines>...
    )
    ^
  File "C:\Users\bueno\MeuCaderninhoBot\venv\Lib\site-packages\telegram\request\_baserequest.py", line 375, in _request_wrapper
    raise exception
telegram.error.Conflict: Conflict: terminated by other getUpdates request; make sure that only one bot instance is running
2026-07-19 20:18:16,549 - httpx - INFO - HTTP Request: POST https://api.telegram.org/bot8900982200:AAF6043fYJm81KphTsgNFwSLRewh-53owyA/getUpdates "HTTP/1.1 409 Conflict"
2026-07-19 20:18:16,642 - telegram.ext.Application - ERROR - No error handlers are registered, logging exception.
Traceback (most recent call last):
  File "C:\Users\bueno\AdminBot\venv\Lib\site-packages\telegram\ext\_utils\networkloop.py", line 161, in network_retry_loop
    await do_action()
  File "C:\Users\bueno\AdminBot\venv\Lib\site-packages\telegram\ext\_utils\networkloop.py", line 154, in do_action
    action_cb_task.result()
    ~~~~~~~~~~~~~~~~~~~~~^^
  File "C:\Users\bueno\AdminBot\venv\Lib\site-packages\telegram\ext\_updater.py", line 340, in polling_action_cb
    updates = await self.bot.get_updates(
              ^^^^^^^^^^^^^^^^^^^^^^^^^^^
    ...<3 lines>...
    )
    ^
  File "C:\Users\bueno\AdminBot\venv\Lib\site-packages\telegram\ext\_extbot.py", line 680, in get_updates
    updates = await super().get_updates(
              ^^^^^^^^^^^^^^^^^^^^^^^^^^
    ...<9 lines>...
    )
    ^
  File "C:\Users\bueno\AdminBot\venv\Lib\site-packages\telegram\_bot.py", line 4767, in get_updates
    await self._post(
    ^^^^^^^^^^^^^^^^^
    ...<7 lines>...
    ),
    ^
  File "C:\Users\bueno\AdminBot\venv\Lib\site-packages\telegram\_bot.py", line 712, in _post
    return await self._do_post(
           ^^^^^^^^^^^^^^^^^^^^
    ...<6 lines>...
    )
    ^
  File "C:\Users\bueno\AdminBot\venv\Lib\site-packages\telegram\ext\_extbot.py", line 378, in _do_post
    return await super()._do_post(
           ^^^^^^^^^^^^^^^^^^^^^^^
    ...<6 lines>...
    )
    ^
  File "C:\Users\bueno\AdminBot\venv\Lib\site-packages\telegram\_bot.py", line 741, in _do_post
    result = await request.post(
             ^^^^^^^^^^^^^^^^^^^
    ...<6 lines>...
    )
    ^
  File "C:\Users\bueno\AdminBot\venv\Lib\site-packages\telegram\request\_baserequest.py", line 198, in post
    result = await self._request_wrapper(
             ^^^^^^^^^^^^^^^^^^^^^^^^^^^^
    ...<7 lines>...
    )
    ^
  File "C:\Users\bueno\AdminBot\venv\Lib\site-packages\telegram\request\_baserequest.py", line 375, in _request_wrapper
    raise exception
telegram.error.Conflict: Conflict: terminated by other getUpdates request; make sure that only one bot instance is running
2026-07-19 20:18:22,346 - httpx - INFO - HTTP Request: POST https://api.telegram.org/bot8900982200:AAF6043fYJm81KphTsgNFwSLRewh-53owyA/getUpdates "HTTP/1.1 409 Conflict"
2026-07-19 20:18:22,354 - telegram.ext.Application - ERROR - No error handlers are registered, logging exception.
Traceback (most recent call last):
  File "C:\Users\bueno\MeuCaderninhoBot\venv\Lib\site-packages\telegram\ext\_utils\networkloop.py", line 161, in network_retry_loop
    await do_action()
  File "C:\Users\bueno\MeuCaderninhoBot\venv\Lib\site-packages\telegram\ext\_utils\networkloop.py", line 154, in do_action
    action_cb_task.result()
    ~~~~~~~~~~~~~~~~~~~~~^^
  File "C:\Users\bueno\MeuCaderninhoBot\venv\Lib\site-packages\telegram\ext\_updater.py", line 340, in polling_action_cb
    updates = await self.bot.get_updates(
              ^^^^^^^^^^^^^^^^^^^^^^^^^^^
    ...<3 lines>...
    )
    ^
  File "C:\Users\bueno\MeuCaderninhoBot\venv\Lib\site-packages\telegram\ext\_extbot.py", line 680, in get_updates
    updates = await super().get_updates(
              ^^^^^^^^^^^^^^^^^^^^^^^^^^
    ...<9 lines>...
    )
    ^
  File "C:\Users\bueno\MeuCaderninhoBot\venv\Lib\site-packages\telegram\_bot.py", line 4767, in get_updates
    await self._post(
    ^^^^^^^^^^^^^^^^^
    ...<7 lines>...
    ),
    ^
  File "C:\Users\bueno\MeuCaderninhoBot\venv\Lib\site-packages\telegram\_bot.py", line 712, in _post
    return await self._do_post(
           ^^^^^^^^^^^^^^^^^^^^
    ...<6 lines>...
    )
    ^
  File "C:\Users\bueno\MeuCaderninhoBot\venv\Lib\site-packages\telegram\ext\_extbot.py", line 378, in _do_post
    return await super()._do_post(
           ^^^^^^^^^^^^^^^^^^^^^^^
    ...<6 lines>...
    )
    ^
  File "C:\Users\bueno\MeuCaderninhoBot\venv\Lib\site-packages\telegram\_bot.py", line 741, in _do_post
    result = await request.post(
             ^^^^^^^^^^^^^^^^^^^
    ...<6 lines>...
    )
    ^
  File "C:\Users\bueno\MeuCaderninhoBot\venv\Lib\site-packages\telegram\request\_baserequest.py", line 198, in post
    result = await self._request_wrapper(
             ^^^^^^^^^^^^^^^^^^^^^^^^^^^^
    ...<7 lines>...
    )
    ^
  File "C:\Users\bueno\MeuCaderninhoBot\venv\Lib\site-packages\telegram\request\_baserequest.py", line 375, in _request_wrapper
    raise exception
telegram.error.Conflict: Conflict: terminated by other getUpdates request; make sure that only one bot instance is running
2026-07-19 20:18:27,832 - httpx - INFO - HTTP Request: POST https://api.telegram.org/bot8900982200:AAF6043fYJm81KphTsgNFwSLRewh-53owyA/getUpdates "HTTP/1.1 409 Conflict"
2026-07-19 20:18:27,844 - telegram.ext.Application - ERROR - No error handlers are registered, logging exception.
Traceback (most recent call last):
  File "C:\Users\bueno\AdminBot\venv\Lib\site-packages\telegram\ext\_utils\networkloop.py", line 161, in network_retry_loop
    await do_action()
  File "C:\Users\bueno\AdminBot\venv\Lib\site-packages\telegram\ext\_utils\networkloop.py", line 154, in do_action
    action_cb_task.result()
    ~~~~~~~~~~~~~~~~~~~~~^^
  File "C:\Users\bueno\AdminBot\venv\Lib\site-packages\telegram\ext\_updater.py", line 340, in polling_action_cb
    updates = await self.bot.get_updates(
              ^^^^^^^^^^^^^^^^^^^^^^^^^^^
    ...<3 lines>...
    )
    ^
  File "C:\Users\bueno\AdminBot\venv\Lib\site-packages\telegram\ext\_extbot.py", line 680, in get_updates
    updates = await super().get_updates(
              ^^^^^^^^^^^^^^^^^^^^^^^^^^
    ...<9 lines>...
    )
    ^
  File "C:\Users\bueno\AdminBot\venv\Lib\site-packages\telegram\_bot.py", line 4767, in get_updates
    await self._post(
    ^^^^^^^^^^^^^^^^^
    ...<7 lines>...
    ),
    ^
  File "C:\Users\bueno\AdminBot\venv\Lib\site-packages\telegram\_bot.py", line 712, in _post
    return await self._do_post(
           ^^^^^^^^^^^^^^^^^^^^
    ...<6 lines>...
    )
    ^
  File "C:\Users\bueno\AdminBot\venv\Lib\site-packages\telegram\ext\_extbot.py", line 378, in _do_post
    return await super()._do_post(
           ^^^^^^^^^^^^^^^^^^^^^^^
    ...<6 lines>...
    )
    ^
  File "C:\Users\bueno\AdminBot\venv\Lib\site-packages\telegram\_bot.py", line 741, in _do_post
    result = await request.post(
             ^^^^^^^^^^^^^^^^^^^
    ...<6 lines>...
    )
    ^
  File "C:\Users\bueno\AdminBot\venv\Lib\site-packages\telegram\request\_baserequest.py", line 198, in post
    result = await self._request_wrapper(
             ^^^^^^^^^^^^^^^^^^^^^^^^^^^^
    ...<7 lines>...
    )
    ^
  File "C:\Users\bueno\AdminBot\venv\Lib\site-packages\telegram\request\_baserequest.py", line 375, in _request_wrapper
    raise exception
telegram.error.Conflict: Conflict: terminated by other getUpdates request; make sure that only one bot instance is running
2026-07-19 20:18:34,828 - httpx - INFO - HTTP Request: POST https://api.telegram.org/bot8900982200:AAF6043fYJm81KphTsgNFwSLRewh-53owyA/getUpdates "HTTP/1.1 200 OK"
2026-07-19 20:18:36,063 - httpx - INFO - HTTP Request: POST https://api.telegram.org/bot8900982200:AAF6043fYJm81KphTsgNFwSLRewh-53owyA/getUpdates "HTTP/1.1 409 Conflict"
2026-07-19 20:18:36,071 - telegram.ext.Application - ERROR - No error handlers are registered, logging exception.
Traceback (most recent call last):
  File "C:\Users\bueno\MeuCaderninhoBot\venv\Lib\site-packages\telegram\ext\_utils\networkloop.py", line 161, in network_retry_loop
    await do_action()
  File "C:\Users\bueno\MeuCaderninhoBot\venv\Lib\site-packages\telegram\ext\_utils\networkloop.py", line 154, in do_action
    action_cb_task.result()
    ~~~~~~~~~~~~~~~~~~~~~^^
  File "C:\Users\bueno\MeuCaderninhoBot\venv\Lib\site-packages\telegram\ext\_updater.py", line 340, in polling_action_cb
    updates = await self.bot.get_updates(
              ^^^^^^^^^^^^^^^^^^^^^^^^^^^
    ...<3 lines>...
    )
    ^
  File "C:\Users\bueno\MeuCaderninhoBot\venv\Lib\site-packages\telegram\ext\_extbot.py", line 680, in get_updates
    updates = await super().get_updates(
              ^^^^^^^^^^^^^^^^^^^^^^^^^^
    ...<9 lines>...
    )
    ^
  File "C:\Users\bueno\MeuCaderninhoBot\venv\Lib\site-packages\telegram\_bot.py", line 4767, in get_updates
    await self._post(
    ^^^^^^^^^^^^^^^^^
    ...<7 lines>...
    ),
    ^
  File "C:\Users\bueno\MeuCaderninhoBot\venv\Lib\site-packages\telegram\_bot.py", line 712, in _post
    return await self._do_post(
           ^^^^^^^^^^^^^^^^^^^^
    ...<6 lines>...
    )
    ^
  File "C:\Users\bueno\MeuCaderninhoBot\venv\Lib\site-packages\telegram\ext\_extbot.py", line 378, in _do_post
    return await super()._do_post(
           ^^^^^^^^^^^^^^^^^^^^^^^
    ...<6 lines>...
    )
    ^
  File "C:\Users\bueno\MeuCaderninhoBot\venv\Lib\site-packages\telegram\_bot.py", line 741, in _do_post
    result = await request.post(
             ^^^^^^^^^^^^^^^^^^^
    ...<6 lines>...
    )
    ^
  File "C:\Users\bueno\MeuCaderninhoBot\venv\Lib\site-packages\telegram\request\_baserequest.py", line 198, in post
    result = await self._request_wrapper(
             ^^^^^^^^^^^^^^^^^^^^^^^^^^^^
    ...<7 lines>...
    )
    ^
  File "C:\Users\bueno\MeuCaderninhoBot\venv\Lib\site-packages\telegram\request\_baserequest.py", line 375, in _request_wrapper
    raise exception
telegram.error.Conflict: Conflict: terminated by other getUpdates request; make sure that only one bot instance is running
2026-07-19 20:18:40,284 - httpx - INFO - HTTP Request: POST https://api.telegram.org/bot8900982200:AAF6043fYJm81KphTsgNFwSLRewh-53owyA/getUpdates "HTTP/1.1 409 Conflict"
2026-07-19 20:18:47,283 - httpx - INFO - HTTP Request: POST https://api.telegram.org/bot8900982200:AAF6043fYJm81KphTsgNFwSLRewh-53owyA/getUpdates "HTTP/1.1 200 OK"
2026-07-19 20:18:57,503 - httpx - INFO - HTTP Request: POST https://api.telegram.org/bot8900982200:AAF6043fYJm81KphTsgNFwSLRewh-53owyA/getUpdates "HTTP/1.1 200 OK"
2026-07-19 20:19:07,724 - httpx - INFO - HTTP Request: POST https://api.telegram.org/bot8900982200:AAF6043fYJm81KphTsgNFwSLRewh-53owyA/getUpdates "HTTP/1.1 200 OK"
2026-07-19 20:19:08,710 - telegram.ext.Application - ERROR - No error handlers are registered, logging exception.
Traceback (most recent call last):
  File "C:\Users\bueno\AdminBot\venv\Lib\site-packages\telegram\ext\_utils\networkloop.py", line 161, in network_retry_loop
    await do_action()
  File "C:\Users\bueno\AdminBot\venv\Lib\site-packages\telegram\ext\_utils\networkloop.py", line 154, in do_action
    action_cb_task.result()
    ~~~~~~~~~~~~~~~~~~~~~^^
  File "C:\Users\bueno\AdminBot\venv\Lib\site-packages\telegram\ext\_updater.py", line 340, in polling_action_cb
    updates = await self.bot.get_updates(
              ^^^^^^^^^^^^^^^^^^^^^^^^^^^
    ...<3 lines>...
    )
    ^
  File "C:\Users\bueno\AdminBot\venv\Lib\site-packages\telegram\ext\_extbot.py", line 680, in get_updates
    updates = await super().get_updates(
              ^^^^^^^^^^^^^^^^^^^^^^^^^^
    ...<9 lines>...
    )
    ^
  File "C:\Users\bueno\AdminBot\venv\Lib\site-packages\telegram\_bot.py", line 4767, in get_updates
    await self._post(
    ^^^^^^^^^^^^^^^^^
    ...<7 lines>...
    ),
    ^
  File "C:\Users\bueno\AdminBot\venv\Lib\site-packages\telegram\_bot.py", line 712, in _post
    return await self._do_post(
           ^^^^^^^^^^^^^^^^^^^^
    ...<6 lines>...
    )
    ^
  File "C:\Users\bueno\AdminBot\venv\Lib\site-packages\telegram\ext\_extbot.py", line 378, in _do_post
    return await super()._do_post(
           ^^^^^^^^^^^^^^^^^^^^^^^
    ...<6 lines>...
    )
    ^
  File "C:\Users\bueno\AdminBot\venv\Lib\site-packages\telegram\_bot.py", line 741, in _do_post
    result = await request.post(
             ^^^^^^^^^^^^^^^^^^^
    ...<6 lines>...
    )
    ^
  File "C:\Users\bueno\AdminBot\venv\Lib\site-packages\telegram\request\_baserequest.py", line 198, in post
    result = await self._request_wrapper(
             ^^^^^^^^^^^^^^^^^^^^^^^^^^^^
    ...<7 lines>...
    )
    ^
  File "C:\Users\bueno\AdminBot\venv\Lib\site-packages\telegram\request\_baserequest.py", line 375, in _request_wrapper
    raise exception
telegram.error.Conflict: Conflict: terminated by other getUpdates request; make sure that only one bot instance is running
2026-07-19 20:19:17,938 - httpx - INFO - HTTP Request: POST https://api.telegram.org/bot8900982200:AAF6043fYJm81KphTsgNFwSLRewh-53owyA/getUpdates "HTTP/1.1 200 OK"
2026-07-19 20:19:20,729 - httpx - INFO - HTTP Request: POST https://api.telegram.org/bot8900982200:AAF6043fYJm81KphTsgNFwSLRewh-53owyA/getUpdates "HTTP/1.1 409 Conflict"
2026-07-19 20:19:20,740 - telegram.ext.Application - ERROR - No error handlers are registered, logging exception.
Traceback (most recent call last):
  File "C:\Users\bueno\MeuCaderninhoBot\venv\Lib\site-packages\telegram\ext\_utils\networkloop.py", line 161, in network_retry_loop
    await do_action()
  File "C:\Users\bueno\MeuCaderninhoBot\venv\Lib\site-packages\telegram\ext\_utils\networkloop.py", line 154, in do_action
    action_cb_task.result()
    ~~~~~~~~~~~~~~~~~~~~~^^
  File "C:\Users\bueno\MeuCaderninhoBot\venv\Lib\site-packages\telegram\ext\_updater.py", line 340, in polling_action_cb
    updates = await self.bot.get_updates(
              ^^^^^^^^^^^^^^^^^^^^^^^^^^^
    ...<3 lines>...
    )
    ^
  File "C:\Users\bueno\MeuCaderninhoBot\venv\Lib\site-packages\telegram\ext\_extbot.py", line 680, in get_updates
    updates = await super().get_updates(
              ^^^^^^^^^^^^^^^^^^^^^^^^^^
    ...<9 lines>...
    )
    ^
  File "C:\Users\bueno\MeuCaderninhoBot\venv\Lib\site-packages\telegram\_bot.py", line 4767, in get_updates
    await self._post(
    ^^^^^^^^^^^^^^^^^
    ...<7 lines>...
    ),
    ^
  File "C:\Users\bueno\MeuCaderninhoBot\venv\Lib\site-packages\telegram\_bot.py", line 712, in _post
    return await self._do_post(
           ^^^^^^^^^^^^^^^^^^^^
    ...<6 lines>...
    )
    ^
  File "C:\Users\bueno\MeuCaderninhoBot\venv\Lib\site-packages\telegram\ext\_extbot.py", line 378, in _do_post
    return await super()._do_post(
           ^^^^^^^^^^^^^^^^^^^^^^^
    ...<6 lines>...
    )
    ^
  File "C:\Users\bueno\MeuCaderninhoBot\venv\Lib\site-packages\telegram\_bot.py", line 741, in _do_post
    result = await request.post(
             ^^^^^^^^^^^^^^^^^^^
    ...<6 lines>...
    )
    ^
  File "C:\Users\bueno\MeuCaderninhoBot\venv\Lib\site-packages\telegram\request\_baserequest.py", line 198, in post
    result = await self._request_wrapper(
             ^^^^^^^^^^^^^^^^^^^^^^^^^^^^
    ...<7 lines>...
    )
    ^
  File "C:\Users\bueno\MeuCaderninhoBot\venv\Lib\site-packages\telegram\request\_baserequest.py", line 375, in _request_wrapper
    raise exception
telegram.error.Conflict: Conflict: terminated by other getUpdates request; make sure that only one bot instance is running
2026-07-19 20:19:24,954 - httpx - INFO - HTTP Request: POST https://api.telegram.org/bot8900982200:AAF6043fYJm81KphTsgNFwSLRewh-53owyA/getUpdates "HTTP/1.1 409 Conflict"
2026-07-19 20:19:24,959 - telegram.ext.Application - ERROR - No error handlers are registered, logging exception.
Traceback (most recent call last):
  File "C:\Users\bueno\AdminBot\venv\Lib\site-packages\telegram\ext\_utils\networkloop.py", line 161, in network_retry_loop
    await do_action()
  File "C:\Users\bueno\AdminBot\venv\Lib\site-packages\telegram\ext\_utils\networkloop.py", line 154, in do_action
    action_cb_task.result()
    ~~~~~~~~~~~~~~~~~~~~~^^
  File "C:\Users\bueno\AdminBot\venv\Lib\site-packages\telegram\ext\_updater.py", line 340, in polling_action_cb
    updates = await self.bot.get_updates(
              ^^^^^^^^^^^^^^^^^^^^^^^^^^^
    ...<3 lines>...
    )
    ^
  File "C:\Users\bueno\AdminBot\venv\Lib\site-packages\telegram\ext\_extbot.py", line 680, in get_updates
    updates = await super().get_updates(
              ^^^^^^^^^^^^^^^^^^^^^^^^^^
    ...<9 lines>...
    )
    ^
  File "C:\Users\bueno\AdminBot\venv\Lib\site-packages\telegram\_bot.py", line 4767, in get_updates
    await self._post(
    ^^^^^^^^^^^^^^^^^
    ...<7 lines>...
    ),
    ^
  File "C:\Users\bueno\AdminBot\venv\Lib\site-packages\telegram\_bot.py", line 712, in _post
    return await self._do_post(
           ^^^^^^^^^^^^^^^^^^^^
    ...<6 lines>...
    )
    ^
  File "C:\Users\bueno\AdminBot\venv\Lib\site-packages\telegram\ext\_extbot.py", line 378, in _do_post
    return await super()._do_post(
           ^^^^^^^^^^^^^^^^^^^^^^^
    ...<6 lines>...
    )
    ^
  File "C:\Users\bueno\AdminBot\venv\Lib\site-packages\telegram\_bot.py", line 741, in _do_post
    result = await request.post(
             ^^^^^^^^^^^^^^^^^^^
    ...<6 lines>...
    )
    ^
  File "C:\Users\bueno\AdminBot\venv\Lib\site-packages\telegram\request\_baserequest.py", line 198, in post
    result = await self._request_wrapper(
             ^^^^^^^^^^^^^^^^^^^^^^^^^^^^
    ...<7 lines>...
    )
    ^
  File "C:\Users\bueno\AdminBot\venv\Lib\site-packages\telegram\request\_baserequest.py", line 375, in _request_wrapper
    raise exception
telegram.error.Conflict: Conflict: terminated by other getUpdates request; make sure that only one bot instance is running
2026-07-19 20:19:31,954 - httpx - INFO - HTTP Request: POST https://api.telegram.org/bot8900982200:AAF6043fYJm81KphTsgNFwSLRewh-53owyA/getUpdates "HTTP/1.1 200 OK"
2026-07-19 20:19:42,166 - httpx - INFO - HTTP Request: POST https://api.telegram.org/bot8900982200:AAF6043fYJm81KphTsgNFwSLRewh-53owyA/getUpdates "HTTP/1.1 200 OK"
2026-07-19 20:19:42,690 - httpx - INFO - HTTP Request: POST https://api.telegram.org/bot8900982200:AAF6043fYJm81KphTsgNFwSLRewh-53owyA/getUpdates "HTTP/1.1 409 Conflict"
2026-07-19 20:19:42,701 - telegram.ext.Application - ERROR - No error handlers are registered, logging exception.
Traceback (most recent call last):
  File "C:\Users\bueno\MeuCaderninhoBot\venv\Lib\site-packages\telegram\ext\_utils\networkloop.py", line 161, in network_retry_loop
    await do_action()
  File "C:\Users\bueno\MeuCaderninhoBot\venv\Lib\site-packages\telegram\ext\_utils\networkloop.py", line 154, in do_action
    action_cb_task.result()
    ~~~~~~~~~~~~~~~~~~~~~^^
  File "C:\Users\bueno\MeuCaderninhoBot\venv\Lib\site-packages\telegram\ext\_updater.py", line 340, in polling_action_cb
    updates = await self.bot.get_updates(
              ^^^^^^^^^^^^^^^^^^^^^^^^^^^
    ...<3 lines>...
    )
    ^
  File "C:\Users\bueno\MeuCaderninhoBot\venv\Lib\site-packages\telegram\ext\_extbot.py", line 680, in get_updates
    updates = await super().get_updates(
              ^^^^^^^^^^^^^^^^^^^^^^^^^^
    ...<9 lines>...
    )
    ^
  File "C:\Users\bueno\MeuCaderninhoBot\venv\Lib\site-packages\telegram\_bot.py", line 4767, in get_updates
    await self._post(
    ^^^^^^^^^^^^^^^^^
    ...<7 lines>...
    ),
    ^
  File "C:\Users\bueno\MeuCaderninhoBot\venv\Lib\site-packages\telegram\_bot.py", line 712, in _post
    return await self._do_post(
           ^^^^^^^^^^^^^^^^^^^^
    ...<6 lines>...
    )
    ^
  File "C:\Users\bueno\MeuCaderninhoBot\venv\Lib\site-packages\telegram\ext\_extbot.py", line 378, in _do_post
    return await super()._do_post(
           ^^^^^^^^^^^^^^^^^^^^^^^
    ...<6 lines>...
    )
    ^
  File "C:\Users\bueno\MeuCaderninhoBot\venv\Lib\site-packages\telegram\_bot.py", line 741, in _do_post
    result = await request.post(
             ^^^^^^^^^^^^^^^^^^^
    ...<6 lines>...
    )
    ^
  File "C:\Users\bueno\MeuCaderninhoBot\venv\Lib\site-packages\telegram\request\_baserequest.py", line 198, in post
    result = await self._request_wrapper(
             ^^^^^^^^^^^^^^^^^^^^^^^^^^^^
    ...<7 lines>...
    )
    ^
  File "C:\Users\bueno\MeuCaderninhoBot\venv\Lib\site-packages\telegram\request\_baserequest.py", line 375, in _request_wrapper
    raise exception
telegram.error.Conflict: Conflict: terminated by other getUpdates request; make sure that only one bot instance is running
2026-07-19 20:19:46,918 - httpx - INFO - HTTP Request: POST https://api.telegram.org/bot8900982200:AAF6043fYJm81KphTsgNFwSLRewh-53owyA/getUpdates "HTTP/1.1 409 Conflict"
2026-07-19 20:19:46,928 - telegram.ext.Application - ERROR - No error handlers are registered, logging exception.
Traceback (most recent call last):
  File "C:\Users\bueno\AdminBot\venv\Lib\site-packages\telegram\ext\_utils\networkloop.py", line 161, in network_retry_loop
    await do_action()
  File "C:\Users\bueno\AdminBot\venv\Lib\site-packages\telegram\ext\_utils\networkloop.py", line 154, in do_action
    action_cb_task.result()
    ~~~~~~~~~~~~~~~~~~~~~^^
  File "C:\Users\bueno\AdminBot\venv\Lib\site-packages\telegram\ext\_updater.py", line 340, in polling_action_cb
    updates = await self.bot.get_updates(
              ^^^^^^^^^^^^^^^^^^^^^^^^^^^
    ...<3 lines>...
    )
    ^
  File "C:\Users\bueno\AdminBot\venv\Lib\site-packages\telegram\ext\_extbot.py", line 680, in get_updates
    updates = await super().get_updates(
              ^^^^^^^^^^^^^^^^^^^^^^^^^^
    ...<9 lines>...
    )
    ^
  File "C:\Users\bueno\AdminBot\venv\Lib\site-packages\telegram\_bot.py", line 4767, in get_updates
    await self._post(
    ^^^^^^^^^^^^^^^^^
    ...<7 lines>...
    ),
    ^
  File "C:\Users\bueno\AdminBot\venv\Lib\site-packages\telegram\_bot.py", line 712, in _post
    return await self._do_post(
           ^^^^^^^^^^^^^^^^^^^^
    ...<6 lines>...
    )
    ^
  File "C:\Users\bueno\AdminBot\venv\Lib\site-packages\telegram\ext\_extbot.py", line 378, in _do_post
    return await super()._do_post(
           ^^^^^^^^^^^^^^^^^^^^^^^
    ...<6 lines>...
    )
    ^
  File "C:\Users\bueno\AdminBot\venv\Lib\site-packages\telegram\_bot.py", line 741, in _do_post
    result = await request.post(
             ^^^^^^^^^^^^^^^^^^^
    ...<6 lines>...
    )
    ^
  File "C:\Users\bueno\AdminBot\venv\Lib\site-packages\telegram\request\_baserequest.py", line 198, in post
    result = await self._request_wrapper(
             ^^^^^^^^^^^^^^^^^^^^^^^^^^^^
    ...<7 lines>...
    )
    ^
  File "C:\Users\bueno\AdminBot\venv\Lib\site-packages\telegram\request\_baserequest.py", line 375, in _request_wrapper
    raise exception
telegram.error.Conflict: Conflict: terminated by other getUpdates request; make sure that only one bot instance is running
2026-07-19 20:19:53,918 - httpx - INFO - HTTP Request: POST https://api.telegram.org/bot8900982200:AAF6043fYJm81KphTsgNFwSLRewh-53owyA/getUpdates "HTTP/1.1 200 OK"
2026-07-19 20:20:04,135 - httpx - INFO - HTTP Request: POST https://api.telegram.org/bot8900982200:AAF6043fYJm81KphTsgNFwSLRewh-53owyA/getUpdates "HTTP/1.1 200 OK"
2026-07-19 20:22:01,939 - httpx - INFO - HTTP Request: POST https://api.telegram.org/bot8900982200:AAF6043fYJm81KphTsgNFwSLRewh-53owyA/getMe "HTTP/1.1 200 OK"
2026-07-19 20:22:02,144 - httpx - INFO - HTTP Request: POST https://api.telegram.org/bot8900982200:AAF6043fYJm81KphTsgNFwSLRewh-53owyA/deleteWebhook "HTTP/1.1 200 OK"
2026-07-19 20:22:02,149 - telegram.ext.Application - INFO - Application started
2026-07-19 20:22:07,208 - httpx - INFO - HTTP Request: POST https://api.telegram.org/bot8900982200:AAF6043fYJm81KphTsgNFwSLRewh-53owyA/getUpdates "HTTP/1.1 200 OK"
2026-07-19 20:22:08,009 - httpx - INFO - HTTP Request: POST https://api.telegram.org/bot8900982200:AAF6043fYJm81KphTsgNFwSLRewh-53owyA/sendMessage "HTTP/1.1 200 OK"
2026-07-19 20:22:17,454 - httpx - INFO - HTTP Request: POST https://api.telegram.org/bot8900982200:AAF6043fYJm81KphTsgNFwSLRewh-53owyA/getUpdates "HTTP/1.1 200 OK"
2026-07-19 20:22:27,666 - httpx - INFO - HTTP Request: POST https://api.telegram.org/bot8900982200:AAF6043fYJm81KphTsgNFwSLRewh-53owyA/getUpdates "HTTP/1.1 200 OK"
2026-07-19 20:22:37,874 - httpx - INFO - HTTP Request: POST https://api.telegram.org/bot8900982200:AAF6043fYJm81KphTsgNFwSLRewh-53owyA/getUpdates "HTTP/1.1 200 OK"
2026-07-19 20:22:48,084 - httpx - INFO - HTTP Request: POST https://api.telegram.org/bot8900982200:AAF6043fYJm81KphTsgNFwSLRewh-53owyA/getUpdates "HTTP/1.1 200 OK"
2026-07-19 20:22:58,347 - httpx - INFO - HTTP Request: POST https://api.telegram.org/bot8900982200:AAF6043fYJm81KphTsgNFwSLRewh-53owyA/getUpdates "HTTP/1.1 200 OK"
2026-07-19 20:23:08,582 - httpx - INFO - HTTP Request: POST https://api.telegram.org/bot8900982200:AAF6043fYJm81KphTsgNFwSLRewh-53owyA/getUpdates "HTTP/1.1 200 OK"
2026-07-19 20:23:18,790 - httpx - INFO - HTTP Request: POST https://api.telegram.org/bot8900982200:AAF6043fYJm81KphTsgNFwSLRewh-53owyA/getUpdates "HTTP/1.1 200 OK"
2026-07-19 20:23:29,002 - httpx - INFO - HTTP Request: POST https://api.telegram.org/bot8900982200:AAF6043fYJm81KphTsgNFwSLRewh-53owyA/getUpdates "HTTP/1.1 200 OK"
2026-07-19 20:23:39,212 - httpx - INFO - HTTP Request: POST https://api.telegram.org/bot8900982200:AAF6043fYJm81KphTsgNFwSLRewh-53owyA/getUpdates "HTTP/1.1 200 OK"
2026-07-19 20:23:49,416 - httpx - INFO - HTTP Request: POST https://api.telegram.org/bot8900982200:AAF6043fYJm81KphTsgNFwSLRewh-53owyA/getUpdates "HTTP/1.1 200 OK"
2026-07-19 20:23:59,624 - httpx - INFO - HTTP Request: POST https://api.telegram.org/bot8900982200:AAF6043fYJm81KphTsgNFwSLRewh-53owyA/getUpdates "HTTP/1.1 200 OK"
2026-07-19 20:24:09,840 - httpx - INFO - HTTP Request: POST https://api.telegram.org/bot8900982200:AAF6043fYJm81KphTsgNFwSLRewh-53owyA/getUpdates "HTTP/1.1 200 OK"
2026-07-19 20:24:20,046 - httpx - INFO - HTTP Request: POST https://api.telegram.org/bot8900982200:AAF6043fYJm81KphTsgNFwSLRewh-53owyA/getUpdates "HTTP/1.1 200 OK"
2026-07-19 20:24:30,258 - httpx - INFO - HTTP Request: POST https://api.telegram.org/bot8900982200:AAF6043fYJm81KphTsgNFwSLRewh-53owyA/getUpdates "HTTP/1.1 200 OK"
2026-07-19 20:24:40,466 - httpx - INFO - HTTP Request: POST https://api.telegram.org/bot8900982200:AAF6043fYJm81KphTsgNFwSLRewh-53owyA/getUpdates "HTTP/1.1 200 OK"
2026-07-19 20:24:50,678 - httpx - INFO - HTTP Request: POST https://api.telegram.org/bot8900982200:AAF6043fYJm81KphTsgNFwSLRewh-53owyA/getUpdates "HTTP/1.1 200 OK"
2026-07-19 20:25:00,901 - httpx - INFO - HTTP Request: POST https://api.telegram.org/bot8900982200:AAF6043fYJm81KphTsgNFwSLRewh-53owyA/getUpdates "HTTP/1.1 200 OK"
2026-07-19 20:25:11,114 - httpx - INFO - HTTP Request: POST https://api.telegram.org/bot8900982200:AAF6043fYJm81KphTsgNFwSLRewh-53owyA/getUpdates "HTTP/1.1 200 OK"
2026-07-19 20:25:21,323 - httpx - INFO - HTTP Request: POST https://api.telegram.org/bot8900982200:AAF6043fYJm81KphTsgNFwSLRewh-53owyA/getUpdates "HTTP/1.1 200 OK"
2026-07-19 20:25:31,540 - httpx - INFO - HTTP Request: POST https://api.telegram.org/bot8900982200:AAF6043fYJm81KphTsgNFwSLRewh-53owyA/getUpdates "HTTP/1.1 200 OK"
2026-07-19 20:25:41,751 - httpx - INFO - HTTP Request: POST https://api.telegram.org/bot8900982200:AAF6043fYJm81KphTsgNFwSLRewh-53owyA/getUpdates "HTTP/1.1 200 OK"
